url,word_count,sentence_count,flesch_reading_ease,top_keywords,embedding
https://www.cm-alliance.com/cybersecurity-blog,4957,42,1.74,cyber|cybersecurity|training|management|security,"[0.0, 0.0, 0.0, 0.0, 0.0, 0.0, 0.03958739573696149, 0.0, 0.0, 0.0, 0.0, 0.0, 0.0, 0.0, 0.4164473544342512, 0.0, 0.0, 0.0, 0.0, 0.0, 0.0, 0.0, 0.0, 0.0, 0.0, 0.0, 0.07805898975906016, 0.03694823602116405, 0.0, 0.0, 0.0367463047061198, 0.03262433876731919, 0.0, 0.0, 0.04337333535420589, 0.0, 0.0, 0.0, 0.0, 0.0, 0.0, 0.0, 0.0, 0.0, 0.034344196466388636, 0.0, 0.0, 0.06181955363949954, 0.0, 0.0, 0.0, 0.0, 0.1870202420993453, 0.0, 0.0, 0.0, 0.0, 0.0, 0.0, 0.0, 0.0, 0.0, 0.030112502618444715, 0.0, 0.0, 0.04609072119164667, 0.033223059596440584, 0.0, 0.0, 0.0, 0.0, 0.0, 0.0, 0.0, 0.0, 0.6189255791954518, 0.33885418245473353, 0.024303272221781174, 0.0, 0.0, 0.03958739573696149, 0.0, 0.0, 0.0, 0.0, 0.0, 0.0, 0.0, 0.0, 0.0, 0.0, 0.0, 0.0, 0.0, 0.0, 0.03373575711586488, 0.0, 0.0, 0.0, 0.0, 0.0, 0.0, 0.0, 0.0, 0.0, 0.0, 0.0, 0.0, 0.0, 0.0, 0.0, 0.0, 0.04593558414325247, 0.0, 0.21728698551500014, 0.0, 0.0, 0.0, 0.030666031691059345, 0.0, 0.0, 0.0, 0.0, 0.0, 0.0, 0.0, 0.0, 0.0, 0.0, 0.0, 0.0, 0.0, 0.0, 0.0, 0.028399465992744385, 0.0, 0.0, 0.0, 0.0, 0.0, 0.0, 0.0, 0.0, 0.0, 0.0, 0.0, 0.0, 0.0, 0.04014612926309474, 0.0, 0.03510448669346102, 0.0, 0.0, 0.0, 0.0, 0.0, 0.0, 0.026344315778660716, 0.0, 0.0, 0.04668371465851517, 0.0, 0.0, 0.0, 0.0, 0.0, 0.0, 0.0, 0.0, 0.0, 0.0, 0.031627272296123325, 0.0, 0.0, 0.0, 0.0, 0.0, 0.0, 0.02592845417784428, 0.0, 0.0, 0.0, 0.0, 0.0, 0.0, 0.0367463047061198, 0.0, 0.0, 0.029518787476381765, 0.0, 0.0, 0.0, 0.0, 0.0, 0.0, 0.0, 0.0, 0.19023208902013267, 0.0, 0.0, 0.036565181750968574, 0.0, 0.0, 0.0, 0.0, 0.0, 0.0, 0.0, 0.0, 0.0, 0.0, 0.0, 0.0, 0.0, 0.0, 0.0, 0.0, 0.0, 0.0, 0.0, 0.0, 0.0, 0.0, 0.0, 0.0, 0.0, 0.0, 0.0, 0.0, 0.0, 0.0, 0.0, 0.04590570116514087, 0.0, 0.0, 0.0, 0.0, 0.0, 0.0, 0.0, 0.037636996184151325, 0.0897314303371127, 0.0, 0.0, 0.0, 0.0, 0.0, 0.0, 0.0, 0.0, 0.0, 0.0, 0.0, 0.0, 0.0, 0.0, 0.0, 0.0, 0.0, 0.0, 0.0, 0.0, 0.0, 0.0, 0.029314464349800517, 0.0, 0.0, 0.0, 0.0, 0.0, 0.0, 0.0, 0.0, 0.0, 0.0, 0.09509503835559932, 0.0, 0.0, 0.0, 0.0, 0.0, 0.0, 0.0, 0.04486571516855635, 0.0, 0.0307314897066004, 0.13206480441185084, 0.12667966635827677, 0.0, 0.0, 0.0, 0.0, 0.0, 0.0, 0.0, 0.0, 0.0, 0.0, 0.029518787476381765, 0.15921598754945887, 0.0, 0.0, 0.0, 0.0, 0.0, 0.06032047380101225, 0.08482566628267349, 0.0, 0.0, 0.0, 0.0, 0.0, 0.0, 0.0, 0.0, 0.0, 0.0, 0.0, 0.0, 0.0, 0.0, 0.0, 0.0, 0.0, 0.0, 0.0, 0.0, 0.0, 0.0, 0.03584424193560643, 0.0, 0.0, 0.03429655105904515, 0.0, 0.0, 0.0, 0.0, 0.0, 0.0, 0.0, 0.0, 0.0, 0.0, 0.0, 0.0, 0.0, 0.0, 0.0, 0.0, 0.0, 0.2645733938840626, 0.0, 0.0, 0.0, 0.0, 0.0, 0.0, 0.0, 0.0, 0.0, 0.0, 0.0, 0.0, 0.0, 0.0, 0.0, 0.0, 0.0, 0.0, 0.035903782844664264, 0.0, 0.0, 0.0, 0.0, 0.0, 0.0, 0.0, 0.0, 0.0, 0.0, 0.03185203991774739, 0.0, 0.0, 0.0]"
https://www.varonis.com/blog/cybersecurity-tips,1545,75,43.43,access|data|security|sensitive|information,"[0.0, 0.0, 0.0, 0.0, 0.3480013238955351, 0.0, 0.0, 0.0, 0.0, 0.0, 0.1787375449194902, 0.0, 0.0, 0.0, 0.0, 0.0, 0.0, 0.0, 0.0, 0.0, 0.03053437578920236, 0.027180724836754377, 0.0, 0.0, 0.0, 0.03218116563745813, 0.0, 0.0, 0.03633074464354101, 0.05816360839666486, 0.02908180419833243, 0.0, 0.04475521983420842, 0.0, 0.0, 0.0, 0.0, 0.0, 0.0, 0.0, 0.0, 0.020880914470721625, 0.0, 0.0, 0.054361449673508755, 0.0, 0.0, 0.0, 0.0, 0.0, 0.0, 0.10872289934701751, 0.0, 0.11632721679332972, 0.033095109945376316, 0.026058805879103565, 0.0, 0.024546799934838742, 0.06834598149689902, 0.027180724836754377, 0.054361449673508755, 0.0, 0.0766018049654958, 0.05683002908828973, 0.03515532189498525, 0.07816537159947988, 0.0, 0.0, 0.0, 0.0, 0.09280035303880936, 0.0, 0.0, 0.0, 0.0, 0.0, 0.12872466254983253, 0.32698011858191944, 0.0, 0.028415014544144863, 0.0, 0.0, 0.0, 0.0, 0.040729475647995714, 0.027180724836754377, 0.03133030384283725, 0.0, 0.03133030384283725, 0.0, 0.0, 0.054361449673508755, 0.025533934988498604, 0.058639077402404954, 0.0, 0.0, 0.0, 0.02778243463300343, 0.0, 0.029786716307792022, 0.0, 0.02660701188444767, 0.0833473038990103, 0.0, 0.04397213155732956, 0.03133030384283725, 0.0, 0.0, 0.0, 0.0, 0.0, 0.0766018049654958, 0.0, 0.029786716307792022, 0.03633074464354101, 0.0, 0.0, 0.0, 0.0, 0.0, 0.0, 0.028415014544144863, 0.0, 0.0, 0.0, 0.0, 0.02660701188444767, 0.0, 0.0, 0.0, 0.0, 0.025533934988498604, 0.028415014544144863, 0.0, 0.09632545359051468, 0.0, 0.0, 0.0, 0.0, 0.0, 0.0, 0.0, 0.0, 0.0, 0.02237760991710421, 0.0, 0.04816272679525734, 0.0, 0.059573432615584045, 0.03053437578920236, 0.0, 0.0, 0.028415014544144863, 0.07224409019288602, 0.0, 0.0, 0.0, 0.019546359134134987, 0.0, 0.0, 0.0, 0.22586843606574336, 0.033095109945376316, 0.0, 0.0, 0.0, 0.0, 0.05106786997699721, 0.0, 0.023632855626920555, 0.02320008825970234, 0.0250304934768045, 0.0, 0.027180724836754377, 0.026058805879103565, 0.0, 0.0, 0.0, 0.04397213155732956, 0.0, 0.05556486926600686, 0.0250304934768045, 0.11920022720164375, 0.0, 0.0, 0.11632721679332972, 0.03133030384283725, 0.027180724836754377, 0.050060986953609, 0.028415014544144863, 0.0, 0.03973340906721458, 0.0, 0.024546799934838742, 0.03133030384283725, 0.0, 0.02778243463300343, 0.0, 0.0, 0.0, 0.0, 0.0, 0.0, 0.02908180419833243, 0.0, 0.02778243463300343, 0.0, 0.0, 0.059573432615584045, 0.03133030384283725, 0.0, 0.0, 0.0, 0.0, 0.09933352266803644, 0.0, 0.0250304934768045, 0.0, 0.05816360839666486, 0.0, 0.01986670453360729, 0.0250304934768045, 0.027180724836754377, 0.0, 0.0, 0.0, 0.0, 0.0, 0.08724541259499728, 0.20357262938832701, 0.0, 0.0, 0.0, 0.0, 0.0, 0.0, 0.0, 0.0, 0.17577660947492627, 0.0, 0.0, 0.0, 0.029786716307792022, 0.05321402376889534, 0.0, 0.0, 0.0, 0.0, 0.0, 0.0, 0.0, 0.0, 0.05556486926600686, 0.0, 0.0, 0.0, 0.0, 0.0, 0.0, 0.0, 0.0, 0.0, 0.0, 0.0, 0.0, 0.0, 0.03053437578920236, 0.0, 0.0, 0.0, 0.0, 0.0, 0.0, 0.0, 0.0, 0.03763011420887001, 0.0, 0.0, 0.0, 0.029786716307792022, 0.0, 0.0, 0.0, 0.0, 0.028415014544144863, 0.0, 0.0, 0.0626606076856745, 0.0, 0.02778243463300343, 0.0, 0.05106786997699721, 0.1862490831911337, 0.0, 0.0, 0.0, 0.0, 0.0, 0.0250304934768045, 0.3191083991529036, 0.0, 0.0, 0.23265443358665944, 0.0, 0.0, 0.04475521983420842, 0.02237760991710421, 0.05106786997699721, 0.0, 0.0, 0.028415014544144863, 0.03515532189498525, 0.03053437578920236, 0.05683002908828973, 0.029786716307792022, 0.05106786997699721, 0.050060986953609, 0.05816360839666486, 0.0, 0.0, 0.0, 0.0250304934768045, 0.0, 0.0, 0.0, 0.0, 0.0, 0.0, 0.0, 0.0, 0.025533934988498604, 0.026058805879103565, 0.05816360839666486, 0.08936014892337606, 0.0, 0.0, 0.10872289934701751, 0.028415014544144863, 0.05321402376889534, 0.0, 0.20449346999421708, 0.0, 0.0, 0.0, 0.0, 0.050060986953609, 0.0, 0.0, 0.0, 0.0, 0.02908180419833243, 0.0, 0.0, 0.024546799934838742, 0.0, 0.0, 0.05106786997699721, 0.029786716307792022, 0.0, 0.10506297521139589, 0.06960026477910702, 0.11390996916149837, 0.18792823023649463, 0.0, 0.01923412462246585, 0.0, 0.0, 0.03133030384283725, 0.0, 0.028415014544144863, 0.0, 0.0, 0.09818719973935497, 0.021606571083743913, 0.05106786997699721, 0.0, 0.0, 0.0, 0.0, 0.020880914470721625, 0.023632855626920555, 0.0, 0.0, 0.0]"
https://www.cisecurity.org/insights/blog/11-cyber-defense-tips-to-stay-secure-at-work-and-home,941,61,55.54,use|data|devices|email|security,"[0.0, 0.04254397429311503, 0.0, 0.045717157617989654, 0.13894400187413034, 0.0, 0.0, 0.0, 0.0, 0.0, 0.0, 0.0, 0.0, 0.0, 0.0, 0.0, 0.0, 0.0, 0.0, 0.0, 0.0, 0.040695951674654056, 0.03823031911755958, 0.0, 0.0, 0.048182790175084124, 0.04955118022397897, 0.0, 0.2719784400889968, 0.0, 0.0, 0.06822002912871859, 0.033504556528576944, 0.0, 0.0, 0.0, 0.0, 0.0, 0.0, 0.0, 0.0, 0.0, 0.0, 0.0, 0.0, 0.0, 0.0, 0.08139190334930811, 0.0, 0.0, 0.0, 0.12208785502396216, 0.0, 0.0, 0.0, 0.0, 0.0, 0.0, 0.0, 0.040695951674654056, 0.040695951674654056, 0.04690884951736929, 0.03823031911755958, 0.12763192287934508, 0.0, 0.0, 0.0, 0.0, 0.048182790175084124, 0.0, 0.0, 0.07495309702317815, 0.0, 0.0, 0.0, 0.15790740933559994, 0.14454837052525238, 0.23038414489423495, 0.0, 0.0, 0.0, 0.0, 0.0, 0.0, 0.0, 0.0, 0.0, 0.0, 0.0, 0.0, 0.0, 0.24417571004792432, 0.2293819147053575, 0.029265506770538907, 0.0, 0.0, 0.03983696815885666, 0.24958111838873617, 0.0, 0.0, 0.04354231557013951, 0.03983696815885666, 0.0, 0.0, 0.19750993598987795, 0.0, 0.0, 0.041596853064789364, 0.0, 0.0, 0.0, 0.0, 0.0, 0.0, 0.0, 0.03538395522207413, 0.045717157617989654, 0.0, 0.0, 0.0, 0.0, 0.0, 0.0, 0.0, 0.0, 0.0, 0.0, 0.0, 0.0, 0.0, 0.0, 0.03823031911755958, 0.0, 0.0, 0.0, 0.0, 0.0, 0.04459773514830524, 0.0, 0.0, 0.048182790175084124, 0.0, 0.0, 0.0, 0.033504556528576944, 0.0, 0.0, 0.0, 0.0, 0.0, 0.0, 0.0, 0.0, 0.07211095413941888, 0.0, 0.0, 0.0, 0.029265506770538907, 0.0, 0.0, 0.0, 0.061486961234259035, 0.0, 0.0, 0.11704852366422265, 0.0, 0.0, 0.03823031911755958, 0.0, 0.07076791044414826, 0.0, 0.0, 0.0, 0.040695951674654056, 0.0, 0.0, 0.0, 0.0, 0.06583664532995932, 0.0, 0.041596853064789364, 0.037476548511589075, 0.05949027868021008, 0.0, 0.0, 0.08708463114027902, 0.0, 0.0, 0.0, 0.0, 0.04459773514830524, 0.05949027868021008, 0.040695951674654056, 0.0, 0.0, 0.05439568801779936, 0.0, 0.0, 0.0, 0.0, 0.0, 0.0, 0.0, 0.0, 0.0, 0.0, 0.0, 0.03983696815885666, 0.0, 0.0, 0.0, 0.0, 0.0, 0.0, 0.08923541802031514, 0.0, 0.0, 0.11242964553476723, 0.0, 0.0, 0.02974513934010504, 0.0, 0.0, 0.10051366958573082, 0.0, 0.0, 0.0, 0.0, 0.04354231557013951, 0.0, 0.04459773514830524, 0.0, 0.0, 0.0, 0.0, 0.0, 0.0, 0.1911515955877979, 0.15790740933559994, 0.0, 0.0, 0.0, 0.0, 0.0, 0.0, 0.0, 0.0, 0.0, 0.0, 0.03901617455474088, 0.04690884951736929, 0.0, 0.0, 0.0, 0.0, 0.0, 0.0, 0.0, 0.14072654855210787, 0.0, 0.0, 0.0, 0.0, 0.0, 0.0, 0.09910236044795794, 0.2743029457079379, 0.0, 0.0, 0.0, 0.0, 0.0, 0.0, 0.0, 0.0, 0.0, 0.0, 0.04254397429311503, 0.0, 0.08919547029661049, 0.0, 0.0, 0.0, 0.0, 0.0, 0.0, 0.0, 0.0, 0.0, 0.0, 0.0, 0.0, 0.07967393631771331, 0.0, 0.0, 0.0, 0.0, 0.03538395522207413, 0.1499061940463563, 0.1837617263548449, 0.0, 0.0, 0.08708463114027902, 0.0, 0.0, 0.0, 0.033504556528576944, 0.0, 0.0, 0.04354231557013951, 0.04254397429311503, 0.0, 0.0, 0.0, 0.04459773514830524, 0.0, 0.0, 0.0, 0.0, 0.0, 0.0, 0.0, 0.03823031911755958, 0.0, 0.0, 0.0, 0.0, 0.0, 0.0, 0.0, 0.0, 0.03901617455474088, 0.0, 0.0, 0.0, 0.0, 0.08139190334930811, 0.0, 0.03983696815885666, 0.045717157617989654, 0.05102915407056958, 0.0, 0.0, 0.0, 0.0, 0.0, 0.0, 0.0, 0.0, 0.0, 0.0, 0.03983696815885666, 0.08919547029661049, 0.11025703581290693, 0.034736000468532584, 0.0, 0.0, 0.0, 0.0, 0.23595605641557793, 0.034736000468532584, 0.0, 0.03126365066887384, 0.0, 0.11519207244711747, 0.0, 0.0, 0.0, 0.0, 0.0, 0.045717157617989654, 0.0, 0.07350469054193795, 0.03235012965842659, 0.0, 0.07967393631771331, 0.03605547706970944, 0.0, 0.0, 0.15631825334436922, 0.0, 0.0, 0.0, 0.0]"
https://www.cisa.gov/topics/cybersecurity-best-practices,487,22,16.12,cybersecurity|cyber|risk|secure|important,"[0.0, 0.0, 0.0, 0.0, 0.0, 0.0, 0.0, 0.0, 0.0, 0.0, 0.0, 0.0, 0.0, 0.0, 0.0, 0.0, 0.0, 0.0, 0.0, 0.0, 0.0, 0.0, 0.0, 0.0, 0.0, 0.045647858489777475, 0.046944256541525675, 0.0, 0.051533891251789754, 0.04125152263371374, 0.0, 0.0, 0.09522557221915137, 0.0, 0.0, 0.0, 0.0, 0.0, 0.0335223795657459, 0.0, 0.0, 0.029618847236135556, 0.0, 0.0, 0.0, 0.0, 0.0, 0.0, 0.0, 0.0, 0.0, 0.03855490801593429, 0.0, 0.0, 0.0, 0.0, 0.0, 0.0, 0.0, 0.03855490801593429, 0.0, 0.0, 0.0, 0.0, 0.0, 0.0, 0.0, 0.0, 0.0, 0.0, 0.0, 0.0, 0.039408412327758185, 0.0, 0.0, 0.5485325468983783, 0.6390700188568846, 0.0, 0.0, 0.0, 0.0, 0.0, 0.0, 0.0, 0.0, 0.0, 0.0, 0.0, 0.0, 0.0, 0.0, 0.0, 0.0, 0.0, 0.04125152263371374, 0.0, 0.0, 0.039408412327758185, 0.0, 0.0, 0.0, 0.0, 0.0, 0.0, 0.0, 0.0, 0.0, 0.0, 0.0, 0.0, 0.0, 0.0, 0.0, 0.042251415819151615, 0.10306778250357951, 0.0, 0.0, 0.0, 0.046944256541525675, 0.046944256541525675, 0.044440940777946566, 0.0, 0.0, 0.0, 0.0, 0.0, 0.0, 0.0, 0.0, 0.0, 0.0, 0.0, 0.0, 0.0, 0.0, 0.0, 0.04331194465736853, 0.0, 0.0, 0.0, 0.0, 0.0, 0.0, 0.0, 0.06348371481276759, 0.032315461853915005, 0.03415857215987055, 0.0, 0.0, 0.0, 0.0, 0.0, 0.0, 0.10247571647961168, 0.03774111624854828, 0.0, 0.0, 0.0, 0.16013100467323593, 0.08450283163830323, 0.0, 0.02912604370968217, 0.046944256541525675, 0.0, 0.0, 0.0, 0.0, 0.0, 0.0, 0.0335223795657459, 0.09872554255118858, 0.03550487999814784, 0.04030570481842077, 0.0, 0.0, 0.0, 0.0, 0.0, 0.0, 0.039408412327758185, 0.0, 0.0, 0.0, 0.0, 0.0, 0.0, 0.044440940777946566, 0.0, 0.0, 0.0, 0.0, 0.0, 0.0, 0.0, 0.044440940777946566, 0.0, 0.039408412327758185, 0.06963755523498821, 0.0, 0.0, 0.0, 0.0, 0.0, 0.0, 0.0, 0.0, 0.0, 0.0, 0.0, 0.0, 0.0, 0.0, 0.0, 0.0, 0.028180225894389215, 0.0, 0.0, 0.0, 0.04125152263371374, 0.0, 0.0, 0.03550487999814784, 0.0, 0.03174185740638379, 0.0, 0.0, 0.0, 0.0, 0.0, 0.16500609053485496, 0.0, 0.0, 0.0, 0.0, 0.0, 0.0, 0.0, 0.0, 0.0, 0.0, 0.0, 0.044440940777946566, 0.0, 0.0, 0.0, 0.0, 0.0, 0.0, 0.0, 0.03696350519377448, 0.044440940777946566, 0.0, 0.19704206163879093, 0.0, 0.0, 0.0, 0.0, 0.0, 0.08888188155589313, 0.0, 0.0, 0.0, 0.0, 0.0, 0.032908514183729524, 0.0, 0.0, 0.0, 0.0, 0.0, 0.0, 0.0, 0.0, 0.0, 0.08662388931473707, 0.0, 0.0, 0.0, 0.0, 0.0, 0.0, 0.0, 0.0, 0.0, 0.0, 0.07392701038754897, 0.0, 0.08888188155589313, 0.0, 0.0, 0.0, 0.0, 0.11322334874564483, 0.0, 0.0, 0.0, 0.0, 0.0, 0.10651463999444351, 0.06963755523498821, 0.0, 0.0, 0.0, 0.0, 0.057773337413809044, 0.0, 0.09522557221915137, 0.0, 0.0, 0.0, 0.0, 0.0, 0.0, 0.0, 0.0, 0.0, 0.03550487999814784, 0.0, 0.0, 0.0, 0.0, 0.0, 0.036218994183525345, 0.0, 0.0, 0.0, 0.0, 0.0, 0.0, 0.0, 0.036218994183525345, 0.0, 0.0, 0.0, 0.0, 0.0, 0.07710981603186857, 0.0, 0.0, 0.0, 0.048344473107556914, 0.0, 0.028646743362835653, 0.0, 0.0, 0.0, 0.0, 0.0, 0.0, 0.0, 0.0, 0.0, 0.0, 0.0, 0.0, 0.0, 0.0, 0.0, 0.0, 0.02483802626974291, 0.0, 0.0, 0.0, 0.0, 0.027282933403726613, 0.0, 0.0, 0.0, 0.0, 0.0, 0.0, 0.0, 0.0, 0.0, 0.0, 0.0, 0.0, 0.0, 0.0, 0.0, 0.0335223795657459, 0.0, 0.0, 0.0]"
https://nordlayer.com/learn/network-security/basics/,1049,87,34.02,network|security|devices|networks|data,"[0.0, 0.0, 0.0, 0.0, 0.12093599924499765, 0.0, 0.020414586140089137, 0.0, 0.017336925258374485, 0.0, 0.016637716567734863, 0.0, 0.0, 0.0198959655134348, 0.0, 0.0, 0.01810282172308106, 0.0, 0.0397919310268696, 0.0, 0.0, 0.017710752226133938, 0.0, 0.04441545986088575, 0.0, 0.04193800234366774, 0.04312904057265099, 0.0, 0.0, 0.0, 0.03789896196948588, 0.02968914555476225, 0.0, 0.0, 0.0, 0.0, 0.0, 0.0, 0.0, 0.0, 0.0, 0.01360584401877212, 0.014844572777381125, 0.0, 0.0, 0.0, 0.0, 0.0, 0.01894948098474294, 0.0, 0.0, 0.0, 0.0, 0.0, 0.0, 0.03395943684398339, 0.01810282172308106, 0.015994506923617483, 0.014844572777381125, 0.0, 0.035421504452267875, 0.0, 0.016637716567734863, 0.0, 0.0, 0.0, 0.0, 0.05313225667840181, 0.0, 0.0, 0.04535099971687412, 0.0, 0.0, 0.0, 0.0, 0.0, 0.06290700351550162, 0.17545931704522266, 0.0, 0.0, 0.0, 0.0, 0.0, 0.0, 0.0, 0.017710752226133938, 0.0, 0.04581387724216499, 0.0, 0.021564520286325495, 0.0, 0.07084300890453575, 0.19965259881281835, 0.01273625797791755, 0.01894948098474294, 0.048929033798181955, 0.0, 0.0, 0.0, 0.03881759263786, 0.0, 0.0, 0.0, 0.0, 0.0, 0.0, 0.04903898869490191, 0.01810282172308106, 0.0, 0.0, 0.0, 0.04991314970320459, 0.0, 0.0, 0.0, 0.030797975618251722, 0.0, 0.0, 0.0, 0.0, 0.0, 0.0, 0.0, 0.0, 0.0, 0.0, 0.0, 0.0, 0.0, 0.0, 0.0, 0.0, 0.018515005950571057, 0.0, 0.0, 0.0, 0.0397919310268696, 0.0, 0.021564520286325495, 0.0, 0.02096900117183387, 0.0, 0.0, 0.0, 0.0, 0.014844572777381125, 0.0, 0.0, 0.0, 0.0, 0.03620564344616212, 0.0, 0.0, 0.0, 0.017336925258374485, 0.07558499952812353, 0.017336925258374485, 0.01273625797791755, 0.0, 0.0, 0.0, 0.08027680573220958, 0.021564520286325495, 0.0, 0.016979718421991696, 0.0, 0.0, 0.0, 0.0, 0.0, 0.015116999905624706, 0.0, 0.018515005950571057, 0.0, 0.016979718421991696, 0.024519494347450956, 0.0, 0.0, 0.0, 0.0, 0.0, 0.0, 0.012944992587863047, 0.0, 0.0, 0.0, 0.0, 0.0, 0.01630967793272732, 0.0, 0.0, 0.025889985175726094, 0.0, 0.0, 0.020414586140089137, 0.023672835085789073, 0.01810282172308106, 0.015994506923617483, 0.0, 0.0, 0.0, 0.05822638895678999, 0.0, 0.0, 0.0, 0.05430846516924318, 0.0, 0.0, 0.11645277791357998, 0.0, 0.0, 0.31875342651686245, 0.0, 0.014844572777381125, 0.012944992587863047, 0.0, 0.0, 0.6197677614436382, 0.18949480984742945, 0.0, 0.03883497776358914, 0.0, 0.0, 0.014581079313933225, 0.0, 0.0, 0.0, 0.0, 0.01894948098474294, 0.01894948098474294, 0.0, 0.0, 0.0, 0.0, 0.0, 0.05313225667840181, 0.0, 0.0, 0.0, 0.017336925258374485, 0.0, 0.0, 0.0, 0.0, 0.0, 0.0, 0.03789896196948588, 0.0, 0.0, 0.016979718421991696, 0.0, 0.0, 0.0, 0.0, 0.0, 0.0, 0.0198959655134348, 0.0, 0.0, 0.0, 0.03395943684398339, 0.015994506923617483, 0.0, 0.0, 0.0, 0.0, 0.0596878965403044, 0.07763518527572, 0.03467385051674897, 0.017336925258374485, 0.0, 0.0, 0.0, 0.0, 0.0, 0.024519494347450956, 0.0, 0.0, 0.017710752226133938, 0.0, 0.0, 0.0, 0.0, 0.04082917228017827, 0.0, 0.016979718421991696, 0.0, 0.0, 0.0, 0.0, 0.0, 0.016637716567734863, 0.0, 0.0, 0.0, 0.0, 0.0, 0.0, 0.06523871173090928, 0.44784619386128954, 0.0, 0.017336925258374485, 0.0, 0.0, 0.0, 0.014581079313933225, 0.014581079313933225, 0.016637716567734863, 0.0, 0.0, 0.0, 0.0, 0.0198959655134348, 0.0, 0.0, 0.0, 0.048929033798181955, 0.0, 0.0, 0.0, 0.0, 0.01630967793272732, 0.0, 0.0, 0.018515005950571057, 0.037030011901142114, 0.0, 0.0, 0.0, 0.0, 0.033275433135469726, 0.0, 0.0, 0.01940879631893, 0.05554501785171317, 0.0, 0.0, 0.0, 0.017336925258374485, 0.0, 0.0, 0.11453469310541249, 0.039477882315928116, 0.0, 0.0, 0.11416774552909123, 0.0, 0.035421504452267875, 0.0, 0.17336925258374483, 0.01894948098474294, 0.0, 0.0, 0.031989013847234966, 0.030233999811249412, 0.0, 0.033275433135469726, 0.0, 0.0, 0.011409705059283683, 0.015116999905624706, 0.0593782911095245, 0.02721168803754424, 0.033275433135469726, 0.012532808360373047, 0.0, 0.0, 0.0, 0.0, 0.0, 0.0, 0.0, 0.0, 0.014078676312674548, 0.0, 0.0, 0.0, 0.0, 0.0, 0.0, 0.015398987809125861, 0.0, 0.0, 0.0]"
https://www.fortinet.com/resources/cyberglossary/what-is-network-security,3378,171,25.9,network|security|cloud|access|secure,"[0.0, 0.0, 0.0, 0.00789471997221018, 0.19194963882581662, 0.0, 0.016201017318384282, 0.0, 0.027517170755363897, 0.0, 0.05941661985266145, 0.0, 0.0, 0.0, 0.0, 0.016641001135309696, 0.014366400878013533, 0.0, 0.00789471997221018, 0.0071832004390067665, 0.03157887988884072, 0.06324864521166347, 0.026407386601182865, 0.0, 0.0, 0.08320500567654848, 0.04278401288960482, 0.0, 0.028180145943319815, 0.0, 0.0, 0.04123228981964613, 0.011571545798906681, 0.0, 0.0, 0.0, 0.0, 0.0, 0.01833095707666503, 0.0073467551582184565, 0.0071832004390067665, 0.026993997461757985, 0.0058903271170923045, 0.008320500567654848, 0.007027627245740385, 0.0, 0.0, 0.0, 0.015038309740962187, 0.0, 0.0, 0.0, 0.0, 0.27068957533731935, 0.0, 0.006737553000787285, 0.0215496013170203, 0.006346621035821125, 0.017670981351276913, 0.01405525449148077, 0.01405525449148077, 0.0, 0.006601846650295716, 0.0, 0.0, 0.0, 0.005998426213306769, 0.035138136228701926, 0.024961501702964545, 0.009393381981106605, 0.017995278639920308, 0.006471680905803353, 0.028732801756027066, 0.02063787806652292, 0.01833095707666503, 0.04544737115470407, 0.04992300340592909, 0.14421754801030093, 0.0, 0.0, 0.0, 0.0, 0.01762405638479111, 0.0, 0.010530682109754688, 0.007027627245740385, 0.016201017318384282, 0.05453684538564487, 0.11340712122869, 0.008556802577920963, 0.0, 0.07027627245740385, 0.07262031315325289, 0.005053747713906663, 0.0, 0.01941504271741006, 0.0, 0.0071832004390067665, 0.0, 0.007701411214859071, 0.007519154870481094, 0.0, 0.0071832004390067665, 0.0, 0.017053615290331024, 0.008100508659192141, 0.019458672825161862, 0.014366400878013533, 0.06613325840697236, 0.0, 0.0, 0.026407386601182865, 0.08812028192395555, 0.023104233644577213, 0.0, 0.01833095707666503, 0.0, 0.013203693300591433, 0.0, 0.0, 0.008100508659192141, 0.0, 0.0, 0.0, 0.0, 0.0, 0.0, 0.008556802577920963, 0.016641001135309696, 0.05265341054877344, 0.0, 0.0, 0.014693510316436913, 0.0, 0.0, 0.0, 0.023684159916630542, 0.0, 0.0, 0.014366400878013533, 0.0, 0.0, 0.0, 0.00789471997221018, 0.046286183195626725, 0.0058903271170923045, 0.00622628154856663, 0.0, 0.015402822429718141, 0.00789471997221018, 0.028732801756027066, 0.0, 0.0073467551582184565, 0.00622628154856663, 0.0, 0.017995278639920308, 0.0, 0.025268738569533315, 0.0, 0.007701411214859071, 0.0, 0.015926919985143763, 0.11979523609089349, 0.0, 0.0, 0.0, 0.022557464611443277, 0.01980553995088715, 0.0, 0.0, 0.023993704853227077, 0.0, 0.0, 0.0, 0.0, 0.019458672825161862, 0.008100508659192141, 0.009089474230940812, 0.0, 0.0071832004390067665, 0.0071832004390067665, 0.012943361811606706, 0.02054629446447448, 0.0, 0.0, 0.0, 0.008100508659192141, 0.007027627245740385, 0.0, 0.0, 0.007701411214859071, 0.0, 0.007027627245740385, 0.006346621035821125, 0.06480406927353713, 0.046966909905533025, 0.0215496013170203, 0.03807972621492675, 0.0, 0.0, 0.0, 0.0, 0.0, 0.0, 0.0, 0.0, 0.0, 0.03439646344420487, 0.0, 0.0, 0.0, 0.019458672825161862, 0.0, 0.047122616936738436, 0.015409720848355861, 0.0073467551582184565, 0.006471680905803353, 0.550092876993285, 0.08271070357529202, 0.0, 0.0256828680805931, 0.0, 0.007027627245740385, 0.0, 0.0, 0.0, 0.009089474230940812, 0.0, 0.05263408409336766, 0.15790225228010296, 0.0, 0.0, 0.0, 0.009089474230940812, 0.006471680905803353, 0.007027627245740385, 0.0, 0.01980553995088715, 0.027268422692822435, 0.0, 0.007701411214859071, 0.0, 0.007701411214859071, 0.006879292688840974, 0.0, 0.016641001135309696, 0.0, 0.0, 0.0, 0.04042531800472371, 0.0, 0.0, 0.014366400878013533, 0.0, 0.0, 0.0, 0.023684159916630542, 0.029188009237742795, 0.016201017318384282, 0.008320500567654848, 0.0, 0.0, 0.018178948461881624, 0.0, 0.005998426213306769, 0.0, 0.047368319833261084, 0.09241693457830885, 0.006879292688840974, 0.06879292688840974, 0.0, 0.0, 0.007027627245740385, 0.0, 0.0, 0.019458672825161862, 0.0, 0.0, 0.01405525449148077, 0.0, 0.0, 0.0, 0.014366400878013533, 0.08100508659192142, 0.0, 0.03368776500393642, 0.008812028192395556, 0.10530661256949785, 0.007519154870481094, 0.014366400878013533, 0.0, 0.0, 0.027517170755363897, 0.008320500567654848, 0.0, 0.0, 0.07371477476828281, 0.0, 0.14884866083347711, 0.5077296828656901, 0.016641001135309696, 0.0, 0.06767239383432984, 0.0, 0.0, 0.07521504769289343, 0.028928864497266702, 0.0, 0.007519154870481094, 0.0, 0.0, 0.0, 0.00789471997221018, 0.0, 0.023104233644577213, 0.006601846650295716, 0.01941504271741006, 0.06767239383432984, 0.008320500567654848, 0.0, 0.008100508659192141, 0.006471680905803353, 0.0, 0.014693510316436913, 0.0, 0.0, 0.0, 0.0, 0.0, 0.006471680905803353, 0.013203693300591433, 0.006737553000787285, 0.0, 0.023104233644577213, 0.0, 0.04050254329596071, 0.021082881737221157, 0.0073467551582184565, 0.0, 0.0, 0.11455636650114222, 0.145431587695053, 0.020886433869866192, 0.0, 0.012943361811606706, 0.051773447246426824, 0.0, 0.0, 0.019039863107463376, 0.06879292688840974, 0.007519154870481094, 0.08255151226609168, 0.0, 0.006346621035821125, 0.011996852426613538, 0.0, 0.0, 0.0, 0.0, 0.027164228752124674, 0.0, 0.047122616936738436, 0.07558319289292235, 0.006601846650295716, 0.024865094484534642, 0.0, 0.0, 0.0, 0.0, 0.0073467551582184565, 0.023684159916630542, 0.07371477476828281, 0.0, 0.011172838733853021, 0.0, 0.02063787806652292, 0.00622628154856663, 0.007701411214859071, 0.010530682109754688, 0.05398799492351597, 0.0, 0.0, 0.0, 0.0]"
https://www.cisco.com/site/us/en/learn/topics/security/what-is-network-security.html,8361,487,37.3,security|network|access|secure|devices,"[0.0, 0.0, 0.0, 0.0, 0.1662937995295805, 0.0, 0.0, 0.0, 0.0, 0.0, 0.0, 0.0, 0.0, 0.0, 0.0, 0.02140222695331394, 0.0, 0.0, 0.0, 0.05543049416199901, 0.08122808824023704, 0.10042589787961707, 0.0, 0.0, 0.0, 0.04280445390662788, 0.022010049669281277, 0.0, 0.0, 0.0, 0.0, 0.06060506420940053, 0.0, 0.031434270926067494, 0.0, 0.0, 0.0, 0.0, 0.015717135463033747, 0.0, 0.018476831387333005, 0.027773889580614972, 0.0, 0.0, 0.0, 0.0, 0.0, 0.0, 0.0, 0.5230721514325979, 0.0, 0.0, 0.0, 0.11604589728224235, 0.0, 0.0, 0.018476831387333005, 0.0, 0.0, 0.0, 0.0, 0.0, 0.0, 0.0, 0.0, 0.0, 0.0, 0.0723066464733243, 0.0, 0.0, 0.0, 0.012947387222471912, 0.018476831387333005, 0.0, 0.015717135463033747, 0.023380202764858908, 0.0, 0.06395869948526402, 0.0, 0.0, 0.0, 0.0, 0.0, 0.03961957561110246, 0.0, 0.018076661618331075, 0.02083635754263033, 0.023380202764858908, 0.0, 0.0, 0.0, 0.05422998485499322, 0.13207799675059417, 0.025998785688036423, 0.0, 0.0, 0.017695111274578706, 0.0, 0.0, 0.0, 0.0, 0.0, 0.0, 0.0, 0.029243861139558132, 0.0, 0.0, 0.0, 0.11340655882254716, 0.03961957561110246, 0.0, 0.0, 0.0, 0.0, 0.0, 0.0, 0.0, 0.0, 0.0, 0.13206029801568764, 0.0, 0.0, 0.0, 0.0, 0.0, 0.0, 0.0, 0.0, 0.0, 0.027087318443594143, 0.0, 0.0, 0.0, 0.0, 0.0, 0.0, 0.0, 0.0, 0.022010049669281277, 0.0, 0.0, 0.0, 0.0, 0.0, 0.0, 0.030302532104700266, 0.0, 0.0, 0.0, 0.0, 0.03695366277466601, 0.0, 0.0, 0.0, 0.0, 0.0, 0.017695111274578706, 0.025998785688036423, 0.0, 0.0, 0.0, 0.06827945695046762, 0.03423785504110421, 0.0, 0.0, 0.0, 0.0, 0.03396291345015278, 0.0, 0.0, 0.0, 0.016646640714606746, 0.0, 0.0, 0.0, 0.025026074370653923, 0.0, 0.0, 0.08773158341867439, 0.0, 0.0, 0.016646640714606746, 0.026424879945789216, 0.0, 0.0, 0.0, 0.0, 0.0, 0.0, 0.0, 0.0, 0.013212439972894608, 0.0, 0.0, 0.062509072627891, 0.120809614388066, 0.018476831387333005, 0.01632495817900108, 0.0, 0.0, 0.0, 0.0, 0.0, 0.0, 0.01980978780555123, 0.0, 0.0, 0.03539022254915741, 0.0, 0.0, 0.0, 0.0, 0.0, 0.015151266052350133, 0.06606219986447304, 0.0, 0.03329328142921349, 0.4494592992943821, 0.03868196576074744, 0.0, 0.0, 0.016646640714606746, 0.0, 0.014882328735822075, 0.0, 0.0, 0.0, 0.0, 0.01934098288037372, 0.03868196576074744, 0.0, 0.0, 0.0, 0.0, 0.03329328142921349, 0.0, 0.0, 0.03396291345015278, 0.023380202764858908, 0.0, 0.0, 0.0, 0.0, 0.0, 0.0, 0.0, 0.0, 0.0, 0.0, 0.03466104887809017, 0.0, 0.0, 0.0, 0.0, 0.0, 0.0, 0.04061404412011852, 0.050052148741307846, 0.04167271508526066, 0.02140222695331394, 0.0, 0.01632495817900108, 0.0, 0.0, 0.06171728642334947, 0.0, 0.10153511030029631, 0.015407612737650955, 0.0, 0.0, 0.0, 0.0, 0.0, 0.02083635754263033, 0.0, 0.025026074370653923, 0.0, 0.0, 0.0, 0.0, 0.0, 0.0, 0.0, 0.02083635754263033, 0.0, 0.017330524439045085, 0.02266654821535659, 0.0, 0.0, 0.0, 0.0, 0.03396291345015278, 0.0, 0.02140222695331394, 0.0, 0.0, 0.0, 0.0, 0.14242125944719103, 0.455284944769919, 0.0, 0.03539022254915741, 0.03868196576074744, 0.0, 0.0, 0.0, 0.07441164367911039, 0.03396291345015278, 0.01934098288037372, 0.0, 0.0, 0.0, 0.0, 0.018897531463174803, 0.01980978780555123, 0.01698145672507639, 0.08323320357303372, 0.01934098288037372, 0.0, 0.0, 0.0, 0.016646640714606746, 0.0, 0.0, 0.0, 0.0, 0.0, 0.0, 0.0, 0.016646640714606746, 0.01698145672507639, 0.0, 0.01934098288037372, 0.0, 0.0, 0.04167271508526066, 0.0, 0.0, 0.0, 0.0, 0.06799964464606977, 0.11690101382429453, 0.0, 0.0, 0.0, 0.03329328142921349, 0.0, 0.018076661618331075, 0.0, 0.07078044509831483, 0.0, 0.0, 0.0, 0.0, 0.0, 0.017695111274578706, 0.0, 0.0, 0.0, 0.05822716474382443, 0.0, 0.030302532104700266, 0.03857484663974302, 0.01698145672507639, 0.0, 0.0, 0.0, 0.0, 0.0, 0.0, 0.04061404412011852, 0.0, 0.0, 0.0, 0.0, 0.10617066764747225, 0.01601541754539085, 0.01980978780555123, 0.10834927377437657, 0.02468790184943553, 0.015717135463033747, 0.0, 0.018476831387333005, 0.0]"
https://www.trendmicro.com/en_us/what-is/network-security/network-security-basics.html,18579,868,34.46,security|network|data|cloud|access,"[0.0, 0.0, 0.0, 0.0, 0.16392149088083055, 0.0, 0.0, 0.0, 0.05098123277323559, 0.0, 0.07338769319073057, 0.0, 0.021196234071477, 0.0, 0.0, 0.0, 0.0, 0.046310344388326194, 0.012798272036788728, 0.0, 0.012798272036788728, 0.06510064273028222, 0.0, 0.0, 0.0, 0.08863879702617652, 0.013871586014806911, 0.0, 0.14357621028354636, 0.0, 0.0, 0.06957066538277216, 0.04287734921332514, 0.03537695600707644, 0.0, 0.0, 0.0, 0.0, 0.0099055476819814, 0.018715645859672173, 0.011644814969599442, 0.05876403698503279, 0.023190221794257393, 0.063588702214431, 0.0, 0.042392468142954, 0.0, 0.0, 0.0, 0.0, 0.02574194377188851, 0.013020128546056445, 0.015772401628424703, 0.19851368371702097, 0.0, 0.01716372101803979, 0.0, 0.0, 0.0, 0.04719796597945461, 0.01790267675082761, 0.020635811059941677, 0.016818013022875757, 0.0, 0.0, 0.0, 0.0, 0.175771735371762, 0.013488512590939907, 0.01305238275304967, 0.0, 0.0, 0.031607354917484204, 0.0, 0.04952773840990701, 0.07578056354453379, 0.11754275257819062, 0.2441588875508398, 0.0, 0.0, 0.020635811059941677, 0.0, 0.0, 0.019619121886180067, 0.0, 0.045570449911197554, 0.0, 0.05894043831241516, 0.12756683200691218, 0.0, 0.0, 0.01790267675082761, 0.11161045006090274, 0.025748551691367652, 0.01915482913058974, 0.03147407370723048, 0.017524798765799734, 0.0, 0.03210401763193102, 0.019619121886180067, 0.0, 0.039829088104090304, 0.03659798990445539, 0.0, 0.01843061425566044, 0.020635811059941677, 0.20278802093688908, 0.039925079895769516, 0.08678889417331678, 0.0, 0.0, 0.0, 0.06734515935371736, 0.03923824377236013, 0.0, 0.0, 0.0, 0.010702371923648209, 0.027743172029613822, 0.0, 0.041271622119883354, 0.0, 0.0, 0.0, 0.0, 0.0, 0.0, 0.0, 0.0, 0.07316347499956463, 0.0, 0.0, 0.0, 0.0, 0.017303205610844023, 0.027743172029613822, 0.0, 0.0, 0.0, 0.0, 0.0, 0.0, 0.017524798765799734, 0.04022314068705028, 0.018758840280829747, 0.0, 0.018745139411747692, 0.0, 0.019619121886180067, 0.0, 0.0, 0.013131879765417432, 0.011909956456155021, 0.015861271809940354, 0.011152144669145285, 0.0305616338930362, 0.03504959753159947, 0.009363109705951875, 0.0, 0.0249697914915019, 0.0, 0.04057336710667912, 0.0, 0.0, 0.0, 0.0, 0.0121894367194662, 0.04586730824420661, 0.0, 0.0, 0.1222465355721448, 0.016486419560930252, 0.018715645859672173, 0.011392612477799388, 0.0, 0.0, 0.0, 0.0, 0.00921530712783022, 0.011644814969599442, 0.0, 0.032972839121860505, 0.01308527243130881, 0.0, 0.0, 0.01915482913058974, 0.0, 0.0, 0.0, 0.011909956456155021, 0.0, 0.0, 0.01790267675082761, 0.0, 0.020635811059941677, 0.04133254538465729, 0.011644814969599442, 0.06173172663509044, 0.013871586014806911, 0.0, 0.0, 0.0, 0.0, 0.0957741456529487, 0.0, 0.0, 0.0, 0.0, 0.019619121886180067, 0.0, 0.0, 0.0, 0.021451266650523725, 0.0, 0.0, 0.0, 0.016486419560930252, 0.3881802423891759, 0.13930784822247083, 0.0, 0.01308527243130881, 0.0, 0.0, 0.014739088792080517, 0.0, 0.010448088616685312, 0.01473510957810379, 0.0, 0.0, 0.0121894367194662, 0.03923824377236013, 0.0, 0.0, 0.0, 0.010491357902410159, 0.03417783743339817, 0.046310344388326194, 0.016818013022875757, 0.01473510957810379, 0.017524798765799734, 0.0, 0.011255896941786369, 0.12841607052772408, 0.0, 0.03923824377236013, 0.0, 0.0, 0.01915482913058974, 0.0, 0.0, 0.013131879765417432, 0.0, 0.0, 0.03276247389149446, 0.0, 0.017071477499898412, 0.03656649153368207, 0.06534280674633092, 0.16508648847953342, 0.0, 0.009362029646203522, 0.0, 0.0, 0.0, 0.0, 0.021798206594696577, 0.11152779917773033, 0.08204360061493482, 0.0, 0.028676943434945014, 0.0, 0.013871586014806911, 0.011392612477799388, 0.0, 0.02011157034352514, 0.015772401628424703, 0.0, 0.0, 0.03417783743339817, 0.0, 0.0804798224995211, 0.0, 0.0, 0.0, 0.0, 0.010922367920570776, 0.05714134733042686, 0.07503931294524245, 0.0, 0.0, 0.0, 0.0, 0.04460857867658114, 0.0, 0.0, 0.0, 0.0, 0.0, 0.05545432034131084, 0.4806255859446327, 0.0, 0.0, 0.03830965826117948, 0.0, 0.0, 0.014739088792080517, 0.018758840280829747, 0.0, 0.03830965826117948, 0.0, 0.0, 0.0, 0.07130465849068005, 0.0, 0.0, 0.0, 0.028476542877970436, 0.09055010134460605, 0.0, 0.044896772902478246, 0.0, 0.016486419560930252, 0.016818013022875757, 0.0, 0.0, 0.0, 0.0, 0.0, 0.0, 0.019483950390190297, 0.1299573733585854, 0.0, 0.029602917747275054, 0.03567113070214557, 0.0, 0.020635811059941677, 0.04719796597945461, 0.0, 0.017524798765799734, 0.0, 0.02857067366521343, 0.11788087662483032, 0.0, 0.0, 0.032972839121860505, 0.0, 0.0, 0.0, 0.01616783316633321, 0.0525743962973992, 0.0, 0.020711125814126957, 0.0, 0.0, 0.0305616338930362, 0.017524798765799734, 0.010702371923648209, 0.019619121886180067, 0.0, 0.0681515993935425, 0.0, 0.0, 0.008752090614792119, 0.0, 0.01266862152386433, 0.05822407484799721, 0.0, 0.0, 0.03432744203607958, 0.0, 0.1005578517176257, 0.0, 0.01616783316633321, 0.02846248289030069, 0.0, 0.0, 0.0, 0.019619121886180067, 0.099990082499405, 0.008752090614792119, 0.03113172128622726, 0.0, 0.018298994952227695, 0.0]"
https://digitdefence.com/blog/fundamentals-of-network-security-in-computer-networks,7546,425,27.72,network|data|security|access|systems,"[0.04945851964016837, 0.0, 0.0, 0.0, 0.1918123107257812, 0.014830692599567962, 0.0, 0.0, 0.023155775933331495, 0.0, 0.0, 0.0, 0.014003448865484594, 0.0, 0.0, 0.0, 0.024178732810665293, 0.0, 0.0, 0.0, 0.0132868577484305, 0.011827535853308545, 0.0, 0.0, 0.0, 0.056013795461938375, 0.0864068788008526, 0.0, 0.04742734280593847, 0.0, 0.012654779587391916, 0.039653813572626394, 0.0, 0.0, 0.0, 0.0, 0.0, 0.0, 0.0, 0.0, 0.0, 0.027258628977219687, 0.049567266965782994, 0.0, 0.02365507170661709, 0.014003448865484594, 0.0, 0.0, 0.0, 0.0, 0.0, 0.0, 0.0, 0.0, 0.0, 0.03401801784322556, 0.024178732810665293, 0.010681398603495259, 0.009913453393156598, 0.0, 0.03548260755992563, 0.0, 0.011110944736254453, 0.0, 0.0, 0.0, 0.0, 0.011827535853308545, 0.0, 0.0, 0.0, 0.010891875062234794, 0.03626809921599794, 0.011577887966665748, 0.010283701002171085, 0.015297635829979261, 0.056013795461938375, 0.25945817480259326, 0.0, 0.03709388973012628, 0.0, 0.013633201256470107, 0.0, 0.0, 0.0, 0.02365507170661709, 0.0, 0.030595271659958522, 0.054532805025880426, 0.0, 0.0, 0.02365507170661709, 0.03333283420876336, 0.008505485591319209, 0.0, 0.032675625186704374, 0.0, 0.0, 0.0, 0.0, 0.0, 0.0, 0.0, 0.0, 0.028701329655350973, 0.06816600628235055, 0.16374527450705426, 0.0, 0.018550440462881474, 0.0, 0.0, 0.06666566841752672, 0.0, 0.025923036063140444, 0.0, 0.0, 0.0, 0.0, 0.0, 0.028802292933617534, 0.0, 0.0, 0.5671495510502079, 0.46447592542904953, 0.0, 0.0, 0.023155775933331495, 0.028802292933617534, 0.04201034659645378, 0.14178557383038484, 0.012089366405332647, 0.0, 0.024729259820084185, 0.0, 0.0, 0.0, 0.0, 0.0, 0.0, 0.024178732810665293, 0.0, 0.0, 0.0, 0.0, 0.0, 0.009913453393156598, 0.010478866575215866, 0.0, 0.0, 0.0132868577484305, 0.0, 0.013633201256470107, 0.024729259820084185, 0.0314365997256476, 0.0, 0.0, 0.011577887966665748, 0.02551645677395763, 0.08187263725352713, 0.0, 0.0, 0.04467515862039202, 0.0, 0.016374527450705428, 0.0, 0.0, 0.0, 0.03333283420876336, 0.0, 0.0, 0.020190769550082234, 0.0, 0.012364629910042092, 0.0, 0.0, 0.0, 0.013633201256470107, 0.0, 0.0, 0.0, 0.012089366405332647, 0.0, 0.0518692922803715, 0.0, 0.0, 0.012654779587391916, 0.0, 0.0, 0.0, 0.0, 0.0, 0.008644882046728582, 0.0, 0.010681398603495259, 0.054532805025880426, 0.09485468561187695, 0.0, 0.021362797206990518, 0.0, 0.0, 0.0, 0.0, 0.0, 0.0, 0.012961518031570222, 0.06044683202666324, 0.0, 0.0, 0.0, 0.0, 0.0, 0.016374527450705428, 0.0, 0.009913453393156598, 0.0, 0.012364629910042092, 0.0, 0.2722968765558698, 0.10123823669913533, 0.0, 0.0, 0.0, 0.0, 0.0, 0.0, 0.0, 0.0, 0.0, 0.025309559174783832, 0.012654779587391916, 0.0, 0.0, 0.0, 0.0, 0.0, 0.0, 0.0, 0.022221889472508905, 0.0764881791498963, 0.011577887966665748, 0.0, 0.0, 0.0, 0.0, 0.0, 0.0, 0.0, 0.012654779587391916, 0.0, 0.022678678562150376, 0.0, 0.0, 0.024178732810665293, 0.0, 0.0, 0.0, 0.039860573245291506, 0.04912358235211628, 0.027266402512940213, 0.0, 0.0, 0.0, 0.0, 0.0, 0.0, 0.0, 0.053147430993722, 0.03888455409471067, 0.0, 0.0, 0.0, 0.0, 0.0, 0.0, 0.0132868577484305, 0.04912358235211628, 0.0, 0.0, 0.011827535853308545, 0.012961518031570222, 0.0, 0.0, 0.0, 0.027266402512940213, 0.0, 0.03401801784322556, 0.014830692599567962, 0.027266402512940213, 0.0, 0.0, 0.0, 0.0, 0.03473366389999724, 0.028006897730969187, 0.0, 0.0, 0.0, 0.0, 0.06535125037340875, 0.2243093706734004, 0.0, 0.011577887966665748, 0.08858345711174342, 0.0, 0.0, 0.03894995224674915, 0.019474976123374576, 0.0, 0.0, 0.0, 0.0, 0.0, 0.0, 0.0, 0.0, 0.011110944736254453, 0.054459375311173966, 0.012654779587391916, 0.0, 0.0, 0.0, 0.010891875062234794, 0.0, 0.0, 0.0, 0.012364629910042092, 0.0, 0.0, 0.0, 0.0, 0.12222039209879898, 0.0, 0.0, 0.0, 0.0, 0.04089960376941033, 0.011827535853308545, 0.0, 0.0, 0.0, 0.0, 0.10708345080985482, 0.008787996175854882, 0.0, 0.0, 0.0, 0.0, 0.011827535853308545, 0.010681398603495259, 0.05788943983332875, 0.025309559174783832, 0.0, 0.0, 0.0, 0.010095384775041117, 0.0, 0.022221889472508905, 0.025923036063140444, 0.0, 0.015239182835523354, 0.08076307820032894, 0.009913453393156598, 0.04543104829536615, 0.0, 0.008369618542019137, 0.0, 0.0, 0.013633201256470107, 0.0, 0.0, 0.0132868577484305, 0.0, 0.0, 0.0094019749544897, 0.0, 0.011577887966665748, 0.0, 0.012961518031570222, 0.0, 0.0, 0.010283701002171085, 0.0, 0.0, 0.0]"
https://guardiandigital.com/resources/blog/guide-on-phishing,940,70,66.54,phishing|attacks|email|security|get,"[0.0, 0.0692147684920274, 0.0, 0.0, 0.0, 0.0, 0.0, 0.0, 0.02160358056460615, 0.0, 0.04146459016526248, 0.0, 0.0, 0.0, 0.0, 0.0, 0.0, 0.0, 0.024792406235499612, 0.0, 0.0, 0.0, 0.0, 0.0, 0.0285443864245766, 0.02612951832137666, 0.4568171319190854, 0.0, 0.0, 0.0, 0.07083896936919996, 0.0, 0.018169514892804207, 0.019188712461406205, 0.0, 0.0, 0.0, 0.0, 0.0, 0.0, 0.06767389748404885, 0.03390854410784576, 0.03699570935029583, 0.0, 0.0, 0.0, 0.0, 0.0, 0.0, 0.0, 0.0, 0.0, 0.0, 0.023612989789733325, 0.0, 0.042316928685683014, 0.022557965828016283, 0.0, 0.018497854675147914, 0.0, 0.0, 0.0, 0.0, 0.0, 0.0, 0.0, 0.03767465343354976, 0.022069407168508286, 0.0, 0.029498771687986737, 0.0, 0.0, 0.022557965828016283, 0.0, 0.0, 0.0, 0.0, 0.062468639872183325, 0.0, 0.023071589497342466, 0.0, 0.0, 0.0, 0.0, 0.0, 0.022069407168508286, 0.05087732107023673, 0.0, 0.0, 0.0, 0.0, 0.0, 0.0, 0.0, 0.0, 0.040647050841065915, 0.0, 0.04511593165603257, 0.0, 0.0, 0.0, 0.0, 0.022557965828016283, 0.0, 0.19636760413082074, 0.1271933026755918, 0.0, 0.04511593165603257, 0.0, 0.0, 0.0, 0.0, 0.0, 0.024185343634419588, 0.0, 0.0, 0.0, 0.0, 0.0, 0.0, 0.0, 0.0, 0.0, 0.0, 0.0, 0.0, 0.0, 0.0, 0.02612951832137666, 0.0, 0.0, 0.04146459016526248, 0.0, 0.031733212095470066, 0.0, 0.0, 0.0, 0.0, 0.0, 0.0, 0.0, 0.022069407168508286, 0.0, 0.0, 0.0, 0.018497854675147914, 0.0, 0.0, 0.024185343634419588, 0.0, 0.022557965828016283, 0.025438660535118365, 0.0, 0.05865863591059486, 0.0, 0.03767465343354976, 0.02160358056460615, 0.0158706789824015, 0.0, 0.0, 0.0, 0.01667218392976287, 0.0, 0.0, 0.0, 0.0, 0.023612989789733325, 0.0, 0.0, 0.17269841215265586, 0.0, 0.020323525420532958, 0.0, 0.022069407168508286, 0.0, 0.0, 0.025438660535118365, 0.0, 0.03570320075105832, 0.0, 0.0, 0.0, 0.048392350912116064, 0.0, 0.02767310094260169, 0.04722597957946665, 0.05087732107023673, 0.022069407168508286, 0.060970576261598866, 0.0, 0.0, 0.01613078363737202, 0.0, 0.0, 0.0, 0.058997543375973474, 0.0, 0.0, 0.0, 0.0, 0.0, 0.0, 0.0, 0.07083896936919996, 0.048370687268839176, 0.022557965828016283, 0.0, 0.0, 0.0, 0.0, 0.0285443864245766, 0.0, 0.0, 0.03699570935029583, 0.08065391818686009, 0.0, 0.0, 0.020323525420532958, 0.0, 0.0, 0.01613078363737202, 0.0, 0.0, 0.0, 0.0, 0.0, 0.0, 0.0, 0.0, 0.0, 0.024185343634419588, 0.0, 0.0, 0.0, 0.040647050841065915, 0.0, 0.0285443864245766, 0.02073229508263124, 0.6850652741898384, 0.02160358056460615, 0.0, 0.0, 0.024185343634419588, 0.0, 0.0, 0.02612951832137666, 0.0, 0.0, 0.0, 0.0, 0.0, 0.0, 0.022557965828016283, 0.0, 0.0, 0.0, 0.049584812470999225, 0.030553795649703775, 0.0, 0.0, 0.0, 0.0, 0.0, 0.0, 0.0, 0.0, 0.049584812470999225, 0.14511206180651753, 0.0, 0.0, 0.0, 0.0, 0.0, 0.0, 0.0, 0.0, 0.0, 0.023071589497342466, 0.15448585017955802, 0.0, 0.0, 0.0, 0.0, 0.0, 0.0, 0.0, 0.0, 0.0, 0.0, 0.0, 0.0, 0.04146459016526248, 0.0, 0.0, 0.0, 0.0, 0.0, 0.0, 0.0, 0.1793771112174288, 0.0, 0.0432071611292123, 0.023612989789733325, 0.0, 0.0, 0.0, 0.0, 0.02073229508263124, 0.0, 0.0, 0.0, 0.0, 0.0, 0.0, 0.024185343634419588, 0.02073229508263124, 0.0, 0.0, 0.0, 0.0, 0.025438660535118365, 0.0, 0.0, 0.0, 0.0, 0.0, 0.0, 0.0, 0.024185343634419588, 0.0, 0.02073229508263124, 0.021158464342841507, 0.023612989789733325, 0.0, 0.023071589497342466, 0.025438660535118365, 0.0, 0.0, 0.0, 0.049584812470999225, 0.0, 0.14272193212288303, 0.06559130091192485, 0.0, 0.020323525420532958, 0.040647050841065915, 0.0, 0.0, 0.01993079013526987, 0.0, 0.07083896936919996, 0.02160358056460615, 0.0, 0.0, 0.03767465343354976, 0.02160358056460615, 0.04146459016526248, 0.0, 0.0, 0.014217658482871055, 0.0, 0.018497854675147914, 0.05086281616176864, 0.02073229508263124, 0.0, 0.0, 0.0, 0.0, 0.0, 0.0, 0.0, 0.0, 0.01993079013526987, 0.03508693882347556, 0.0, 0.0, 0.0, 0.024185343634419588, 0.0, 0.05086281616176864, 0.0, 0.02687159599524032, 0.0, 0.0]"
https://cofense.com/blog,3,1,59.97,,"[0.0, 0.0, 0.0, 0.0, 0.0, 0.0, 0.0, 0.0, 0.0, 0.0, 0.0, 0.0, 0.0, 0.0, 0.0, 0.0, 0.0, 0.0, 0.0, 0.0, 0.0, 0.0, 0.0, 0.0, 0.0, 0.0, 0.0, 0.0, 0.0, 0.0, 0.0, 0.0, 0.0, 0.0, 0.0, 0.0, 0.0, 0.0, 0.0, 0.0, 0.0, 0.0, 0.0, 0.0, 0.0, 0.0, 0.0, 0.0, 0.0, 0.0, 0.0, 0.0, 0.0, 0.0, 0.0, 0.0, 0.0, 0.0, 0.0, 0.0, 0.0, 0.0, 0.0, 0.0, 0.0, 0.0, 0.0, 0.0, 0.0, 0.0, 0.0, 0.0, 0.0, 0.0, 0.0, 0.0, 0.0, 0.0, 0.0, 0.0, 0.0, 0.0, 0.0, 0.0, 0.0, 0.0, 0.0, 0.0, 0.0, 0.0, 0.0, 0.0, 0.0, 0.0, 0.0, 0.0, 0.0, 0.0, 0.0, 0.0, 0.0, 0.0, 0.0, 0.0, 0.0, 0.0, 0.0, 0.0, 0.0, 0.0, 0.0, 0.0, 0.0, 0.0, 0.0, 0.0, 0.0, 0.0, 0.0, 0.0, 0.0, 0.0, 0.0, 0.0, 0.0, 0.0, 0.0, 0.0, 0.0, 0.0, 0.0, 0.0, 0.0, 0.0, 0.0, 0.0, 0.0, 0.0, 0.0, 0.0, 0.0, 0.0, 0.0, 0.0, 0.0, 0.0, 0.0, 0.0, 0.0, 0.0, 0.0, 0.0, 0.0, 0.0, 0.0, 0.0, 0.0, 0.0, 0.0, 0.0, 0.0, 0.0, 0.0, 0.0, 0.0, 0.0, 0.0, 0.0, 0.0, 0.0, 0.0, 0.0, 0.0, 0.0, 0.0, 0.0, 0.0, 0.0, 0.0, 0.0, 0.0, 0.0, 0.0, 0.0, 0.0, 0.0, 0.0, 0.0, 0.0, 0.0, 0.0, 0.0, 0.0, 0.0, 0.0, 0.0, 0.0, 0.0, 0.0, 0.0, 0.0, 0.0, 0.0, 0.0, 0.0, 0.0, 0.0, 0.0, 0.0, 0.0, 0.0, 0.0, 0.0, 0.0, 0.0, 0.0, 0.0, 0.0, 0.0, 0.0, 0.0, 0.0, 0.0, 0.0, 0.0, 0.0, 0.0, 0.0, 0.0, 0.0, 0.0, 0.0, 0.0, 0.0, 0.0, 0.0, 0.0, 0.0, 0.0, 0.0, 0.0, 0.0, 0.0, 0.0, 0.0, 0.0, 0.0, 0.0, 0.0, 0.0, 0.0, 0.0, 0.0, 0.0, 0.0, 0.0, 0.0, 0.0, 0.0, 0.0, 0.0, 0.0, 0.0, 0.0, 0.0, 0.0, 0.0, 0.0, 0.0, 0.0, 0.0, 0.0, 0.0, 0.0, 0.0, 0.0, 0.0, 0.0, 0.0, 0.0, 0.0, 0.0, 0.0, 0.0, 0.0, 0.0, 0.0, 0.0, 0.0, 0.0, 0.0, 0.0, 0.0, 0.0, 0.0, 0.0, 0.0, 0.0, 0.0, 0.0, 0.0, 0.0, 0.0, 0.0, 0.0, 0.0, 0.0, 0.0, 0.0, 0.0, 0.0, 0.0, 0.0, 0.0, 0.0, 0.0, 0.0, 0.0, 0.0, 0.0, 0.0, 0.0, 0.0, 0.0, 0.0, 0.0, 0.0, 0.0, 0.0, 0.0, 0.0, 0.0, 0.0, 0.0, 0.0, 0.0, 0.0, 0.0, 0.0, 0.0, 0.0, 0.0, 0.0, 0.0, 0.0, 0.0, 0.0, 0.0, 0.0, 0.0, 0.0, 0.0, 0.0, 0.0, 0.0, 0.0, 0.0, 0.0, 0.0, 0.0, 0.0, 0.0, 0.0, 0.0, 0.0, 0.0, 0.0, 0.0, 0.0, 0.0, 0.0, 0.0, 0.0, 0.0, 0.0, 0.0, 0.0, 0.0, 0.0, 0.0, 0.0, 0.0, 0.0, 0.0]"
https://www.connectwise.com/blog/phishing-prevention-tips,21486,967,43.43,phishing|email|attacks|sensitive|security,"[0.018619499186444476, 0.07734253508215398, 0.0, 0.0, 0.09004448587464886, 0.0, 0.0, 0.0, 0.042916356317751994, 0.0, 0.009009331119225519, 0.0, 0.0, 0.0, 0.0, 0.0, 0.0, 0.0, 0.0, 0.0, 0.0, 0.0, 0.020592756843944047, 0.0, 0.0, 0.04055258467955036, 0.25356200465338546, 0.0, 0.04395034631799933, 0.0, 0.0, 0.01837335528660582, 0.04399011188244664, 0.009529781635153795, 0.02108734403336619, 0.0, 0.0, 0.0, 0.01905956327030759, 0.011458153345504292, 0.019605372459803882, 0.04946797503184751, 0.045933388216514555, 0.012976827097456116, 0.013700543454660295, 0.0, 0.012976827097456116, 0.031511249945718675, 0.0, 0.0, 0.0, 0.03288130429118471, 0.16312132788812445, 0.06010103669655064, 0.0, 0.05254014445419725, 0.02240613995406158, 0.05938993922199201, 0.12976182171165362, 0.010960434763728235, 0.0, 0.0, 0.03732437177964858, 0.011458153345504292, 0.0, 0.015759816218002223, 0.009355271259703776, 0.0, 0.0, 0.0, 0.0, 0.0, 0.012603453724159639, 0.037551811778033, 0.028589344905461386, 0.0088600840885877, 0.1670766488797475, 0.0678652145038741, 0.0, 0.03437446003651288, 0.0, 0.0, 0.0, 0.0, 0.0, 0.020550815181990444, 0.05053489242242092, 0.0, 0.02526744621121046, 0.0, 0.0, 0.0027401086909320587, 0.020592756843944047, 0.0, 0.011727031550546465, 0.011355040348156887, 0.010729089079437999, 0.12323376974733868, 0.012011282365647852, 0.012011282365647852, 0.011727031550546465, 0.010729089079437999, 0.01120306997703079, 0.01417613454174032, 0.2582142491702046, 0.13897095416165753, 0.015174077012848786, 0.05321458239089625, 0.010744043341610415, 0.012011282365647852, 0.0, 0.041185513687888094, 0.0, 0.04804512946259141, 0.02746896644874958, 0.0, 0.024625541511399805, 0.020592756843944047, 0.0, 0.04337244816439488, 0.0, 0.011458153345504292, 0.0, 0.0, 0.0, 0.0, 0.016093633619156996, 0.0, 0.03893048129236835, 0.0, 0.0, 0.020592756843944047, 0.0, 0.0, 0.008496809314716263, 0.0, 0.012312770755699903, 0.0, 0.013345368665967654, 0.0, 0.0, 0.010960434763728235, 0.0, 0.0, 0.0970038364587285, 0.00918667764330291, 0.0, 0.01263372310560523, 0.0, 0.012312770755699903, 0.01120306997703079, 0.02526744621121046, 0.022916306691008585, 0.0679744745177301, 0.020117042023946246, 0.02806581377911133, 0.0, 0.007881930869937456, 0.07587038506424393, 0.06756346330676917, 0.0, 0.1490397495883946, 0.0, 0.0, 0.03152408667251835, 0.0, 0.011727031550546465, 0.010296378421972023, 0.0, 0.009529781635153795, 0.009355271259703776, 0.03028010759508503, 0.011458153345504292, 0.0, 0.0, 0.0, 0.0, 0.01417613454174032, 0.04322041080531321, 0.009802686229901941, 0.01120306997703079, 0.010093369198361677, 0.0881221867152217, 0.03603384709694355, 0.0, 0.04690812620218586, 0.03790116931681569, 0.03288130429118471, 0.05046684599180839, 0.011458153345504292, 0.0, 0.016022215766403947, 0.010960434763728235, 0.03959329281466134, 0.05053489242242092, 0.01465011543933311, 0.01120306997703079, 0.07176284322657368, 0.0, 0.0, 0.0, 0.012011282365647852, 0.010960434763728235, 0.07036218930327878, 0.06005641182823926, 0.03360920993109237, 0.0, 0.010729089079437999, 0.0, 0.0, 0.026580252265763098, 0.1138055775963659, 0.20895483743989973, 0.00918667764330291, 0.03905415093060962, 0.0, 0.010093369198361677, 0.020186738396723355, 0.0, 0.0, 0.0, 0.0, 0.0, 0.016919273800941017, 0.0, 0.0, 0.0, 0.0, 0.0366469735954577, 0.0, 0.0, 0.0, 0.0, 0.0, 0.010093369198361677, 0.010960434763728235, 0.04252840362522095, 0.03088913526591607, 0.6148898357479863, 0.021458178158875997, 0.012011282365647852, 0.01263372310560523, 0.02101974413988374, 0.010729089079437999, 0.0, 0.0, 0.0, 0.011727031550546465, 0.0, 0.05254014445419725, 0.0, 0.0, 0.03360920993109237, 0.0, 0.0, 0.0, 0.07387662453419942, 0.09104446207709271, 0.0, 0.0, 0.010508028890839452, 0.009898323203665335, 0.0, 0.007507051478529907, 0.008185862352240805, 0.013345368665967654, 0.07079843184527444, 0.0720676941938871, 0.042916356317751994, 0.010729089079437999, 0.0, 0.0, 0.010960434763728235, 0.01263372310560523, 0.0, 0.04552223103854636, 0.0, 0.011458153345504292, 0.04384173905491294, 0.0, 0.0, 0.0, 0.01120306997703079, 0.007896076941003268, 0.0, 0.022329561393033836, 0.013743423884274344, 0.02526744621121046, 0.011727031550546465, 0.0, 0.029549655408754167, 0.020592756843944047, 0.05364544539718998, 0.0, 0.01263372310560523, 0.0, 0.0, 0.026206899496672938, 0.04920517484201317, 0.16950878486276888, 0.0, 0.03218726723831399, 0.17590547325819697, 0.0, 0.0, 0.04399011188244664, 0.09587588487199909, 0.020592756843944047, 0.011727031550546465, 0.02345406310109293, 0.011458153345504292, 0.01417613454174032, 0.0, 0.011458153345504292, 0.012011282365647852, 0.010296378421972023, 0.04794350369221797, 0.03078345782018447, 0.012976827097456116, 0.027486847768548688, 0.03790116931681569, 0.0, 0.0, 0.022916306691008585, 0.011458153345504292, 0.011458153345504292, 0.0, 0.007896076941003268, 0.0, 0.04163514794324191, 0.03088913526591607, 0.03152408667251835, 0.04690812620218586, 0.03152961620982561, 0.011458153345504292, 0.0, 0.02192086952745647, 0.0, 0.03218726723831399, 0.0, 0.054973695537097376, 0.0708806727087016, 0.03970068384673152, 0.012312770755699903, 0.0391118056436515, 0.04037347679344671, 0.019492184994892938, 0.0, 0.009898323203665335, 0.0, 0.02345406310109293, 0.05364544539718998, 0.024022564731295704, 0.0, 0.018710542519407552, 0.010729089079437999, 0.010296378421972023, 0.0, 0.0, 0.042365900571222775, 0.009355271259703776, 0.0, 0.016840161712969363, 0.010296378421972023, 0.015512049029456939, 0.01120306997703079, 0.009483798133030491, 0.03790116931681569, 0.0, 0.0, 0.007695481722312439, 0.0, 0.009898323203665335, 0.026138090237130353, 0.0, 0.0, 0.009710639216818586, 0.012011282365647852, 0.0, 0.0, 0.028589344905461386, 0.026690737331935308, 0.02240613995406158, 0.0]"
https://www.phriendlyphishing.com/blog,80,1,50.33,phishing,"[0.0, 0.2504910972902885, 0.0, 0.0, 0.0, 0.0, 0.0, 0.0, 0.0, 0.0, 0.0, 0.0, 0.0, 0.0, 0.0, 0.0, 0.0, 0.0, 0.0, 0.0, 0.0, 0.0, 0.0, 0.0, 0.0, 0.0, 0.0, 0.0, 0.0, 0.0, 0.0, 0.0, 0.0, 0.0, 0.0, 0.0, 0.0, 0.0, 0.0, 0.0, 0.0, 0.0, 0.0, 0.0, 0.0, 0.0, 0.0, 0.0, 0.0, 0.0, 0.0, 0.0, 0.0, 0.0, 0.0, 0.0, 0.0, 0.0, 0.0, 0.0, 0.0, 0.0, 0.0, 0.0, 0.0, 0.0, 0.0, 0.0, 0.0, 0.0, 0.0, 0.0, 0.0, 0.0, 0.0, 0.0, 0.0, 0.0, 0.0, 0.0, 0.0, 0.0, 0.0, 0.0, 0.0, 0.0, 0.0, 0.0, 0.0, 0.0, 0.0, 0.0, 0.0, 0.0, 0.0, 0.0, 0.0, 0.0, 0.0, 0.0, 0.0, 0.0, 0.0, 0.0, 0.0, 0.0, 0.0, 0.0, 0.0, 0.0, 0.0, 0.0, 0.0, 0.0, 0.0, 0.0, 0.0, 0.0, 0.0, 0.0, 0.0, 0.0, 0.0, 0.0, 0.0, 0.0, 0.0, 0.0, 0.0, 0.0, 0.0, 0.0, 0.0, 0.0, 0.0, 0.0, 0.0, 0.0, 0.0, 0.0, 0.0, 0.0, 0.0, 0.0, 0.0, 0.0, 0.0, 0.0, 0.0, 0.0, 0.0, 0.0, 0.0, 0.0, 0.0, 0.0, 0.0, 0.0, 0.0, 0.43763877257107936, 0.0, 0.0, 0.0, 0.0, 0.0, 0.0, 0.0, 0.0, 0.0, 0.0, 0.0, 0.0, 0.0, 0.0, 0.0, 0.0, 0.0, 0.0, 0.0, 0.0, 0.0, 0.0, 0.0, 0.0, 0.0, 0.0, 0.0, 0.0, 0.0, 0.0, 0.0, 0.0, 0.0, 0.0, 0.0, 0.0, 0.0, 0.0, 0.0, 0.0, 0.0, 0.0, 0.0, 0.0, 0.0, 0.0, 0.0, 0.0, 0.0, 0.0, 0.0, 0.0, 0.0, 0.0, 0.0, 0.0, 0.0, 0.0, 0.0, 0.0, 0.0, 0.0, 0.0, 0.0, 0.0, 0.0, 0.0, 0.0, 0.0, 0.0, 0.0, 0.0, 0.0, 0.0, 0.0, 0.0, 0.0, 0.0, 0.8264264789435861, 0.0, 0.0, 0.0, 0.0, 0.0, 0.0, 0.0, 0.0, 0.0, 0.0, 0.0, 0.0, 0.0, 0.0, 0.0, 0.0, 0.0, 0.0, 0.0, 0.0, 0.0, 0.0, 0.0, 0.0, 0.0, 0.0, 0.0, 0.0, 0.0, 0.0, 0.0, 0.0, 0.0, 0.0, 0.0, 0.0, 0.0, 0.0, 0.0, 0.0, 0.0, 0.0, 0.0, 0.0, 0.0, 0.0, 0.0, 0.0, 0.0, 0.0, 0.0, 0.0, 0.0, 0.0, 0.0, 0.0, 0.0, 0.0, 0.0, 0.0, 0.0, 0.0, 0.0, 0.0, 0.0, 0.0, 0.0, 0.0, 0.0, 0.0, 0.0, 0.0, 0.0, 0.0, 0.0, 0.0, 0.0, 0.0, 0.0, 0.0, 0.0, 0.0, 0.0, 0.0, 0.0, 0.0, 0.0, 0.0, 0.0, 0.0, 0.0, 0.0, 0.0, 0.0, 0.0, 0.0, 0.0, 0.0, 0.2504910972902885, 0.0, 0.0, 0.0, 0.0, 0.0, 0.0, 0.0, 0.0, 0.0, 0.0, 0.0, 0.0, 0.0, 0.0, 0.0, 0.0, 0.0, 0.0, 0.0, 0.0, 0.0, 0.0, 0.0, 0.0, 0.0, 0.0, 0.0, 0.0, 0.0, 0.0, 0.0, 0.0, 0.0, 0.0, 0.0, 0.0, 0.0, 0.0, 0.0, 0.0, 0.0, 0.0, 0.0, 0.0, 0.0, 0.0]"
https://inspiredelearning.com/blog/phishing-protection-checklist/,918,50,36.28,phishing|attacks|information|sensitive|often,"[0.0, 0.0, 0.0, 0.0, 0.0, 0.0, 0.0, 0.0, 0.04771323702400905, 0.0, 0.0686833999371795, 0.0, 0.0, 0.0, 0.0, 0.0, 0.0, 0.0, 0.0, 0.0, 0.0, 0.0, 0.045788933291453005, 0.0, 0.0, 0.028854566428529443, 0.29674035401216553, 0.0, 0.0, 0.0, 0.05215117814909268, 0.0, 0.0, 0.0, 0.028854566428529443, 0.0, 0.0, 0.0, 0.0, 0.0, 0.0, 0.0748897340104513, 0.040853992786593275, 0.0, 0.0, 0.0, 0.028854566428529443, 0.0, 0.0, 0.0, 0.0, 0.0, 0.0, 0.0, 0.0, 0.023365081108545523, 0.024910536637963547, 0.0, 0.040853992786593275, 0.0, 0.0, 0.0, 0.0, 0.0, 0.0, 0.0, 0.0, 0.0, 0.0, 0.0, 0.020801871982478095, 0.0, 0.024910536637963547, 0.0, 0.0, 0.0, 0.028854566428529443, 0.0172458739644768, 0.0, 0.0, 0.0, 0.0, 0.0, 0.0, 0.0, 0.02437102618386253, 0.05618331813356677, 0.06304256237098255, 0.0, 0.0, 0.0, 0.0, 0.022894466645726502, 0.017525832483062893, 0.05215117814909268, 0.0, 0.0, 0.0, 0.0, 0.02670763371574484, 0.02607558907454634, 0.0, 0.024910536637963547, 0.0, 0.09856672108453333, 0.2247332725342671, 0.0, 0.0, 0.0, 0.0, 0.0, 0.0, 0.0, 0.0, 0.0, 0.0, 0.0, 0.0, 0.029674035401216554, 0.0, 0.0, 0.0, 0.0, 0.0, 0.0, 0.0, 0.0, 0.0, 0.08656369928558832, 0.0, 0.024910536637963547, 0.0, 0.07643317839711593, 0.0, 0.0, 0.0, 0.0, 0.0, 0.029674035401216554, 0.024910536637963547, 0.0, 0.0, 0.023856618512004525, 0.0, 0.06019324214097707, 0.0, 0.0647761464896383, 0.0, 0.05341526743148968, 0.027378006890393415, 0.024910536637963547, 0.0, 0.0, 0.0, 0.0, 0.04160374396495619, 0.0, 0.03505166496612579, 0.13496100699213237, 0.0, 0.0, 0.18410926401059594, 0.0, 0.0, 0.023365081108545523, 0.0, 0.0, 0.0, 0.0, 0.0, 0.0, 0.022443066385533682, 0.025477726132371977, 0.02437102618386253, 0.0, 0.0, 0.05618331813356677, 0.0, 0.0, 0.0, 0.024910536637963547, 0.022443066385533682, 0.08906531729442616, 0.0, 0.0, 0.0, 0.2247332725342671, 0.0, 0.0, 0.0, 0.0, 0.0534391903766557, 0.02437102618386253, 0.06602811818318942, 0.05618331813356677, 0.032575199311450295, 0.0, 0.0, 0.0, 0.0, 0.022894466645726502, 0.0, 0.04874205236772506, 0.0, 0.08012290114723451, 0.0, 0.0, 0.04771323702400905, 0.0, 0.0, 0.03152128118549127, 0.0, 0.0, 0.020426996393296638, 0.0, 0.0, 0.0, 0.0, 0.0, 0.0, 0.0534391903766557, 0.0, 0.0, 0.0, 0.0, 0.0, 0.0, 0.0, 0.05215117814909268, 0.05215117814909268, 0.0, 0.027378006890393415, 0.0, 0.0, 0.022443066385533682, 0.0, 0.03152128118549127, 0.09157786658290601, 0.7249894672662993, 0.0, 0.0, 0.0, 0.0, 0.07156985553601357, 0.0, 0.0, 0.02607558907454634, 0.0, 0.0, 0.0, 0.0, 0.0, 0.024910536637963547, 0.0, 0.0, 0.0, 0.027378006890393415, 0.0, 0.0, 0.0, 0.0, 0.0, 0.0, 0.0, 0.0, 0.0, 0.05475601378078683, 0.02670763371574484, 0.0, 0.0, 0.0, 0.0, 0.0, 0.0, 0.0, 0.0, 0.0, 0.0, 0.04874205236772506, 0.0, 0.0, 0.0, 0.024910536637963547, 0.0, 0.025477726132371977, 0.023365081108545523, 0.0611182586384265, 0.0, 0.0, 0.0, 0.0, 0.0, 0.023856618512004525, 0.0, 0.0, 0.0, 0.0, 0.0, 0.022443066385533682, 0.06602811818318942, 0.0, 0.07156985553601357, 0.1303779453727317, 0.0, 0.0, 0.020064414046992357, 0.0, 0.0, 0.0, 0.0, 0.0, 0.0, 0.0, 0.0, 0.0, 0.0686833999371795, 0.0, 0.0, 0.0, 0.0, 0.028091659066783386, 0.022443066385533682, 0.0, 0.025477726132371977, 0.0, 0.025477726132371977, 0.0, 0.0, 0.02670763371574484, 0.0, 0.0, 0.023365081108545523, 0.02607558907454634, 0.02670763371574484, 0.0, 0.028091659066783386, 0.0, 0.0, 0.04771323702400905, 0.0, 0.03055912931921325, 0.06304256237098255, 0.01810795482353428, 0.0, 0.022443066385533682, 0.06732919915660104, 0.0, 0.0, 0.0, 0.0, 0.02607558907454634, 0.0, 0.0, 0.0, 0.0, 0.0, 0.0, 0.02670763371574484, 0.0, 0.04710125530517631, 0.0, 0.020426996393296638, 0.09361216751306413, 0.022894466645726502, 0.0344917479289536, 0.024910536637963547, 0.0, 0.0, 0.046730162217091045, 0.0, 0.05475601378078683, 0.0, 0.0, 0.0, 0.0, 0.0, 0.0, 0.05341526743148968, 0.0, 0.0, 0.0, 0.0, 0.0, 0.0]"
https://en.wikipedia.org/wiki/SD-WAN,2233,96,23.16,wan|network|service|cloud|based,"[0.005661216324630458, 0.005661216324630458, 0.0, 0.006083463600262452, 0.03697783597742571, 0.0, 0.0, 0.0, 0.005301002038758761, 0.0, 0.0, 0.0, 0.012823117860409844, 0.006083463600262452, 0.0, 0.019234676790614767, 0.016605556077191615, 0.0, 0.0, 0.005535185359063872, 0.12166927200524902, 0.05415304747497649, 0.0050872094175551785, 0.0, 0.0, 0.0, 0.0, 0.0, 0.0, 0.023176252036968416, 0.005794063009242104, 0.0590061052926358, 0.0, 0.0, 0.0, 0.0, 0.0, 0.0, 0.004708451155810724, 0.0, 0.0, 0.00832034582922429, 0.0045389311763566, 0.006411558930204922, 0.0, 0.006411558930204922, 0.0, 0.0, 0.0, 0.0, 0.0077865713746566485, 0.0, 0.0, 0.06373469310166315, 0.0, 0.005191781162524721, 0.02767592679531936, 0.019562157083207507, 0.0, 0.005415304747497649, 0.005415304747497649, 0.0, 0.015261628252665535, 0.0, 0.0, 0.0, 0.004622229497178214, 0.03790713323248354, 0.02564623572081969, 0.0, 0.018488917988712855, 0.0, 0.005535185359063872, 0.0, 0.004708451155810724, 0.0, 0.0, 0.042152853431366426, 0.0, 0.0, 0.0, 0.012484077901501594, 0.0, 0.04154153468750874, 0.0, 0.005415304747497649, 0.0, 0.0, 0.006242038950750797, 0.013187294090392147, 0.0, 0.010830609494995298, 0.0, 0.00778857017618921, 0.005794063009242104, 0.0, 0.0, 0.0, 0.0, 0.0, 0.0, 0.0, 0.0, 0.0, 0.0, 0.0, 0.007497170783636302, 0.03321111215438323, 0.0, 0.0, 0.0, 0.0050872094175551785, 0.020370951575848128, 0.0, 0.0, 0.009416902311621449, 0.0, 0.0, 0.0, 0.0, 0.006242038950750797, 0.0, 0.0, 0.0, 0.0, 0.0, 0.021204008155035044, 0.0, 0.0, 0.0, 0.0, 0.0, 0.005661216324630458, 0.0, 0.0, 0.006593647045196074, 0.018250390800787355, 0.0, 0.013187294090392147, 0.005535185359063872, 0.0, 0.0, 0.0, 0.0, 0.004458364445744306, 0.0045389311763566, 0.0, 0.006242038950750797, 0.0, 0.0, 0.0, 0.0, 0.0, 0.019191235306139327, 0.010602004077517522, 0.023111147485891066, 0.0, 0.003894285088094605, 0.0, 0.0, 0.0, 0.004090955234847907, 0.013187294090392147, 0.0, 0.0, 0.0, 0.011588126018484208, 0.05087209417555179, 0.0, 0.0, 0.004622229497178214, 0.0, 0.0, 0.0, 0.015575343487574162, 0.0, 0.0, 0.0, 0.0, 0.0, 0.0, 0.014960721353595876, 0.007916217100472524, 0.0, 0.006790317191949376, 0.023176252036968416, 0.024968155803003187, 0.0, 0.0, 0.0, 0.0, 0.007916217100472524, 0.0, 0.004890539270801877, 0.0, 0.0, 0.005535185359063872, 0.024452696354009387, 0.07253011749715682, 0.0, 0.0, 0.0, 0.005415304747497649, 0.0, 0.011869009910716785, 0.005535185359063872, 0.0, 0.005301002038758761, 0.0, 0.0, 0.0, 0.0, 0.0, 0.0090778623527132, 0.011874325650708787, 0.03396729794778275, 0.004986907117865293, 0.14960721353595877, 0.04635250407393683, 0.0, 0.011874325650708787, 0.0, 0.005415304747497649, 0.004458364445744306, 0.0, 0.03476437805545262, 0.0, 0.011869009910716785, 0.023176252036968416, 0.005794063009242104, 0.0, 0.0, 0.0, 0.0, 0.0, 0.03790713323248354, 0.0, 0.0, 0.0, 0.0, 0.0, 0.0, 0.0, 0.005301002038758761, 0.017803514866075176, 0.012823117860409844, 0.0, 0.01738218902772631, 0.0, 0.0, 0.006242038950750797, 0.0, 0.0, 0.0, 0.0, 0.0, 0.0, 0.007497170783636302, 0.037452233704504775, 0.0, 0.005191781162524721, 0.004890539270801877, 0.0, 0.0, 0.027733376983069283, 0.0, 0.006083463600262452, 0.0, 0.010602004077517522, 0.0, 0.0, 0.0, 0.010830609494995298, 0.0, 0.0, 0.0, 0.013187294090392147, 0.005661216324630458, 0.010830609494995298, 0.0, 0.00811466670459912, 0.0, 0.0, 0.037452233704504775, 0.02830608162315229, 0.010383562325049441, 0.0, 0.0, 0.01738218902772631, 0.0, 0.0, 0.0, 0.0, 0.0, 0.0, 0.0, 0.6004853361403348, 0.0, 0.014960721353595876, 0.044014853437216894, 0.0, 0.0, 0.0, 0.0, 0.0, 0.0757921955776532, 0.03566691556595445, 0.0050872094175551785, 0.0, 0.011588126018484208, 0.0, 0.0, 0.012166927200524903, 0.005661216324630458, 0.0, 0.0, 0.03490834982505704, 0.02897031504621052, 0.0, 0.0, 0.0, 0.0, 0.0, 0.0, 0.0, 0.0, 0.0, 0.0, 0.0, 0.004986907117865293, 0.0, 0.0, 0.0, 0.005934504955358392, 0.011322432649260916, 0.012484077901501594, 0.027076523737488246, 0.005661216324630458, 0.0, 0.0, 0.0, 0.0, 0.016094536681970237, 0.0, 0.0, 0.0, 0.0, 0.0, 0.004890539270801877, 0.053010020387587606, 0.0, 0.005301002038758761, 0.0, 0.004890539270801877, 0.004622229497178214, 0.0, 0.0, 0.0, 0.0, 0.013954693552522091, 0.023111147485891066, 0.013616793529069799, 0.00832034582922429, 0.0050872094175551785, 0.015328310338678697, 0.0, 0.0, 0.0, 0.005191781162524721, 0.011322432649260916, 0.024333854401049806, 0.7303200034139207, 0.0, 0.004304747856051488, 0.0, 0.01590300611627628, 0.004797808826534832, 0.0, 0.0, 0.020800864573060726, 0.014125353467432175, 0.0, 0.005535185359063872, 0.0]"
https://www.cisco.com/site/us/en/learn/topics/networking/what-is-sd-wan.html,4911,276,37.81,wan|cloud|network|applications|security,"[0.0, 0.0, 0.0, 0.0, 0.0, 0.0, 0.0, 0.0, 0.0, 0.0, 0.0, 0.0, 0.0, 0.0, 0.0, 0.0, 0.0, 0.0, 0.0, 0.029060331069503013, 0.09581655616107304, 0.17058566815310566, 0.02670840817497927, 0.0, 0.0, 0.0, 0.0, 0.0, 0.0, 0.0, 0.0, 0.07148966157237382, 0.0, 0.0, 0.0, 0.0, 0.0, 0.0, 0.0, 0.0, 0.0, 0.0436827294345404, 0.023829887190791273, 0.0, 0.02843094469218428, 0.03366138857089602, 0.0, 0.0, 0.0, 0.0, 0.0, 0.0, 0.0, 0.2129362701599375, 0.0, 0.0, 0.0, 0.0, 0.0, 0.02843094469218428, 0.0, 0.0, 0.02670840817497927, 0.0, 0.0, 0.0, 0.0, 0.0, 0.0, 0.03800183393894084, 0.0, 0.026181810085315015, 0.058120662139006025, 0.0, 0.0, 0.0, 0.0, 0.10059414100032596, 0.0, 0.0, 0.0, 0.0, 0.0, 0.03115680280768192, 0.0, 0.02843094469218428, 0.0, 0.0, 0.0, 0.0, 0.0, 0.0, 0.02670840817497927, 0.020445424425352483, 0.0, 0.0, 0.0, 0.0, 0.03115680280768192, 0.0, 0.0, 0.0, 0.0, 0.0, 0.0, 0.0, 0.0, 0.0, 0.0, 0.0, 0.0, 0.05341681634995854, 0.17824955522208547, 0.0, 0.0, 0.0, 0.0, 0.05341681634995854, 0.0, 0.0, 0.0, 0.0, 0.0, 0.0, 0.0, 0.0, 0.0, 0.0, 0.0, 0.0, 0.0, 0.02670840817497927, 0.029722007480822606, 0.0, 0.0, 0.0, 0.0, 0.0, 0.0, 0.0, 0.0, 0.0, 0.0, 0.0, 0.046813806012719575, 0.0, 0.02518902328699361, 0.0, 0.0, 0.0, 0.0, 0.0, 0.0, 0.0, 0.02783084291733516, 0.024267212523834715, 0.0, 0.020445424425352483, 0.0, 0.0, 0.0, 0.0, 0.13846948469400816, 0.0, 0.0, 0.0, 0.0, 0.02670840817497927, 0.0, 0.0, 0.0, 0.0, 0.0, 0.0, 0.0, 0.0, 0.0, 0.0, 0.04599469836850639, 0.0, 0.0, 0.0, 0.0, 0.0, 0.0, 0.03041946716570535, 0.06554278012045818, 0.0, 0.0, 0.0, 0.0, 0.0, 0.02843094469218428, 0.0, 0.0, 0.0, 0.0, 0.10270347321625689, 0.0, 0.0, 0.0, 0.0, 0.0, 0.0, 0.0, 0.0, 0.0, 0.0, 0.06231360561536384, 0.03277139006022909, 0.0, 0.0, 0.0, 0.11914943595395637, 0.020780504611384792, 0.05944401496164521, 0.0, 0.18327267059720512, 0.0, 0.0, 0.06234151383415437, 0.0, 0.0, 0.0, 0.0, 0.0, 0.0, 0.0, 0.03041946716570535, 0.0, 0.0, 0.0, 0.0, 0.0, 0.0, 0.08529283407655283, 0.0, 0.0, 0.0, 0.0, 0.0, 0.0, 0.0, 0.0, 0.0, 0.0, 0.0608389343314107, 0.03041946716570535, 0.0, 0.0, 0.0, 0.0, 0.0, 0.0, 0.0, 0.0, 0.0, 0.0, 0.06554278012045818, 0.0, 0.02725742132127876, 0.0, 0.0, 0.0, 0.0, 0.0, 0.031938852053691014, 0.03115680280768192, 0.0, 0.0, 0.0, 0.0, 0.0, 0.0, 0.0, 0.0, 0.0, 0.0, 0.02843094469218428, 0.0, 0.0, 0.0, 0.0, 0.0, 0.0, 0.0, 0.0, 0.0, 0.0, 0.0, 0.0, 0.0, 0.0, 0.0, 0.0, 0.0, 0.34082313152267074, 0.0, 0.026181810085315015, 0.12837934152032113, 0.06732277714179204, 0.0, 0.0, 0.0, 0.0, 0.046813806012719575, 0.0, 0.0, 0.0, 0.03041946716570535, 0.0, 0.0, 0.0, 0.0, 0.0, 0.0, 0.07854543025594504, 0.0, 0.0, 0.0, 0.0, 0.0, 0.0, 0.0, 0.0, 0.0, 0.0, 0.0, 0.0, 0.0, 0.0, 0.0, 0.0, 0.03115680280768192, 0.0, 0.0, 0.05686188938436856, 0.029722007480822606, 0.0, 0.0, 0.10694973313325126, 0.0, 0.02112452131446853, 0.031938852053691014, 0.0, 0.0, 0.0, 0.0, 0.025675868304064223, 0.11132337166934064, 0.0, 0.0, 0.0, 0.0, 0.07280163757150414, 0.02783084291733516, 0.0, 0.0, 0.0, 0.07326367380736375, 0.024267212523834715, 0.047659774381582545, 0.0436827294345404, 0.0, 0.0, 0.0, 0.0, 0.0, 0.0, 0.0, 0.0, 0.7242491544856753, 0.0, 0.0, 0.02670840817497927, 0.0, 0.0, 0.0, 0.0, 0.0218413647172702, 0.0247198857014582, 0.0, 0.0, 0.0]"
https://www.fortinet.com/resources/cyberglossary/sd-wan-explained,44,1,-1.63,secure|management|wan|devices|network,"[0.0, 0.0, 0.0, 0.0, 0.0, 0.0, 0.0, 0.0, 0.0, 0.0, 0.0, 0.0, 0.0, 0.0, 0.0, 0.0, 0.0, 0.0, 0.0, 0.0, 0.0, 0.0, 0.0, 0.0, 0.0, 0.0, 0.0, 0.0, 0.0, 0.0, 0.0, 0.0, 0.0, 0.0, 0.0, 0.0, 0.0, 0.0, 0.0, 0.0, 0.0, 0.0, 0.0, 0.0, 0.0, 0.0, 0.0, 0.0, 0.0, 0.0, 0.0, 0.0, 0.0, 0.0, 0.0, 0.0, 0.0, 0.0, 0.0, 0.0, 0.0, 0.0, 0.0, 0.0, 0.0, 0.0, 0.0, 0.0, 0.0, 0.0, 0.0, 0.0, 0.0, 0.0, 0.0, 0.0, 0.0, 0.0, 0.0, 0.0, 0.0, 0.0, 0.0, 0.0, 0.0, 0.0, 0.0, 0.0, 0.0, 0.0, 0.0, 0.0, 0.24139303858605857, 0.0, 0.0, 0.0, 0.0, 0.0, 0.0, 0.0, 0.0, 0.0, 0.0, 0.0, 0.0, 0.0, 0.0, 0.0, 0.0, 0.0, 0.0, 0.0, 0.0, 0.0, 0.0, 0.0, 0.0, 0.0, 0.0, 0.0, 0.0, 0.0, 0.0, 0.0, 0.0, 0.0, 0.0, 0.0, 0.0, 0.0, 0.0, 0.0, 0.0, 0.0, 0.0, 0.0, 0.0, 0.0, 0.0, 0.0, 0.0, 0.0, 0.0, 0.0, 0.0, 0.0, 0.0, 0.0, 0.0, 0.0, 0.0, 0.0, 0.0, 0.0, 0.0, 0.0, 0.0, 0.0, 0.0, 0.0, 0.0, 0.0, 0.0, 0.0, 0.0, 0.0, 0.0, 0.0, 0.0, 0.0, 0.0, 0.0, 0.0, 0.0, 0.0, 0.0, 0.0, 0.0, 0.0, 0.0, 0.0, 0.0, 0.0, 0.0, 0.0, 0.0, 0.0, 0.0, 0.0, 0.0, 0.0, 0.0, 0.0, 0.0, 0.0, 0.0, 0.0, 0.46412169738066716, 0.0, 0.0, 0.0, 0.0, 0.0, 0.0, 0.0, 0.0, 0.0, 0.0, 0.0, 0.0, 0.0, 0.0, 0.0, 0.0, 0.0, 0.0, 0.0, 0.23663359683479937, 0.0, 0.0, 0.18781610340196436, 0.0, 0.0, 0.0, 0.0, 0.0, 0.0, 0.0, 0.0, 0.0, 0.0, 0.0, 0.0, 0.0, 0.0, 0.0, 0.0, 0.0, 0.0, 0.0, 0.0, 0.0, 0.0, 0.0, 0.0, 0.0, 0.0, 0.0, 0.0, 0.0, 0.0, 0.0, 0.0, 0.0, 0.0, 0.0, 0.0, 0.0, 0.0, 0.0, 0.0, 0.0, 0.0, 0.0, 0.0, 0.0, 0.0, 0.0, 0.0, 0.0, 0.0, 0.0, 0.0, 0.0, 0.0, 0.0, 0.0, 0.0, 0.0, 0.0, 0.0, 0.0, 0.0, 0.0, 0.0, 0.0, 0.0, 0.0, 0.0, 0.0, 0.0, 0.0, 0.0, 0.0, 0.0, 0.0, 0.3850488336840821, 0.0, 0.47326719366959874, 0.23206084869033358, 0.0, 0.0, 0.0, 0.0, 0.0, 0.0, 0.0, 0.0, 0.0, 0.0, 0.0, 0.0, 0.0, 0.0, 0.0, 0.0, 0.0, 0.0, 0.0, 0.0, 0.0, 0.0, 0.0, 0.0, 0.0, 0.0, 0.0, 0.0, 0.0, 0.0, 0.0, 0.0, 0.0, 0.0, 0.0, 0.0, 0.0, 0.0, 0.0, 0.0, 0.0, 0.0, 0.0, 0.0, 0.0, 0.0, 0.0, 0.0, 0.0, 0.0, 0.0, 0.0, 0.0, 0.0, 0.0, 0.0, 0.0, 0.0, 0.0, 0.0, 0.0, 0.0, 0.0, 0.0, 0.0, 0.0, 0.0, 0.0, 0.24635506967157567, 0.0, 0.0, 0.3850488336840821, 0.0, 0.0, 0.0, 0.0, 0.0, 0.0, 0.0, 0.0, 0.0, 0.0, 0.0, 0.0]"
https://www.hpe.com/us/en/what-is/sd-wan.html,1252,60,9.38,wan|cloud|security|traffic|network,"[0.0, 0.01869650372003376, 0.0, 0.0, 0.09159112745385159, 0.0, 0.0, 0.0, 0.08753437305191587, 0.0, 0.0336016235189952, 0.0, 0.0, 0.020091000468953353, 0.0, 0.0, 0.0, 0.04626297871974971, 0.0, 0.0, 0.24109200562744024, 0.10730619663785625, 0.0336016235189952, 0.0, 0.0, 0.0, 0.0, 0.0, 0.0, 0.01913523779953353, 0.0, 0.11992072198974711, 0.029448027655281594, 0.04664982019882035, 0.0, 0.0, 0.0, 0.0, 0.0, 0.0, 0.036560557916348276, 0.08243531133296542, 0.0, 0.0, 0.017884366106309373, 0.0, 0.0, 0.017884366106309373, 0.0, 0.0, 0.0, 0.0, 0.0, 0.3827047559906706, 0.0, 0.0, 0.0, 0.0, 0.0, 0.017884366106309373, 0.0, 0.0, 0.0504024352784928, 0.0, 0.0, 0.0, 0.0, 0.017884366106309373, 0.0, 0.1434293622459949, 0.0, 0.0, 0.018280278958174138, 0.017506874610383177, 0.0, 0.0, 0.0, 0.1392123062955071, 0.0, 0.0, 0.0, 0.0, 0.0, 0.019599055682024243, 0.0, 0.017884366106309373, 0.0, 0.0, 0.020614704998210064, 0.0, 0.0, 0.017884366106309373, 0.0336016235189952, 0.012861108189711423, 0.0, 0.0, 0.0, 0.0, 0.0, 0.0, 0.0, 0.0, 0.0, 0.0, 0.0, 0.0, 0.0, 0.018280278958174138, 0.0, 0.0, 0.0, 0.0336016235189952, 0.022425426508989276, 0.0, 0.0, 0.01554994006627345, 0.0, 0.084004058797488, 0.0, 0.0, 0.0, 0.0, 0.0, 0.0, 0.0, 0.0, 0.0700274984415327, 0.0, 0.0, 0.026799169565256804, 0.018280278958174138, 0.0, 0.0, 0.0, 0.03169009818015555, 0.0, 0.0, 0.0, 0.0, 0.0, 0.0, 0.0, 0.03501374922076635, 0.0, 0.0, 0.0, 0.047535147270233336, 0.020614704998210064, 0.0, 0.0, 0.0, 0.0, 0.0, 0.0, 0.017506874610383177, 0.045795563726925795, 0.03501374922076635, 0.03858332456913427, 0.0, 0.0, 0.0, 0.0, 0.021775911648658847, 0.0, 0.0, 0.0, 0.01913523779953353, 0.0168008117594976, 0.0, 0.0, 0.03053037581795053, 0.0, 0.0, 0.035768732212618747, 0.01714616616864237, 0.0, 0.0, 0.0, 0.0, 0.0, 0.0, 0.0, 0.05228755588216836, 0.0, 0.0, 0.01913523779953353, 0.10307352499105031, 0.0, 0.016469557447394926, 0.0, 0.0, 0.0, 0.0, 0.0, 0.0, 0.0, 0.0, 0.0, 0.0, 0.0, 0.0, 0.0, 0.0, 0.0, 0.0, 0.0, 0.0, 0.017506874610383177, 0.07839622272809697, 0.04122940999642013, 0.0, 0.0, 0.0, 0.07495045124359194, 0.0, 0.0, 0.0, 0.1976346893687391, 0.01913523779953353, 0.0, 0.01307188897054209, 0.0, 0.035768732212618747, 0.0, 0.0, 0.11481142679720116, 0.0, 0.0, 0.0, 0.07654095119813412, 0.0, 0.0, 0.0, 0.023131489359874854, 0.0, 0.30403422380725936, 0.0, 0.0, 0.0, 0.0, 0.0, 0.0, 0.0, 0.017506874610383177, 0.0, 0.0, 0.0, 0.0, 0.0, 0.0, 0.0, 0.0, 0.0, 0.0, 0.0, 0.0, 0.020091000468953353, 0.0, 0.0, 0.0, 0.0, 0.0, 0.0, 0.0, 0.0, 0.0, 0.0, 0.058797167046072726, 0.03501374922076635, 0.017506874610383177, 0.0, 0.0, 0.017884366106309373, 0.020614704998210064, 0.0, 0.0, 0.0, 0.01869650372003376, 0.0, 0.0, 0.0, 0.0, 0.0, 0.0, 0.0, 0.0, 0.0, 0.0, 0.01913523779953353, 0.018280278958174138, 0.0, 0.0, 0.017506874610383177, 0.0, 0.0, 0.0, 0.26799169565256803, 0.0, 0.1317564595791594, 0.2907233441850091, 0.0, 0.0, 0.03827047559906706, 0.0, 0.0, 0.05889605531056319, 0.08834408296584478, 0.0, 0.01913523779953353, 0.0, 0.0, 0.023131489359874854, 0.0, 0.0, 0.0, 0.0, 0.049408672342184774, 0.0, 0.0, 0.0, 0.0, 0.0, 0.0, 0.0, 0.0, 0.0, 0.0, 0.0, 0.0, 0.016469557447394926, 0.0, 0.0, 0.0, 0.0, 0.05608951116010129, 0.0, 0.0, 0.0, 0.0, 0.0, 0.0, 0.04626297871974971, 0.013288291229814413, 0.040182000937906706, 0.016469557447394926, 0.0, 0.0, 0.0, 0.0646051875966687, 0.2275893699349813, 0.0, 0.017506874610383177, 0.0, 0.0, 0.0, 0.017506874610383177, 0.0, 0.0, 0.0, 0.04608620567660276, 0.0, 0.07495045124359194, 0.06869609277747118, 0.0, 0.07593398525209477, 0.0, 0.0, 0.0, 0.0, 0.0, 0.020091000468953353, 0.42878671304410887, 0.0, 0.014216685900927424, 0.0, 0.10504124766229905, 0.0, 0.0, 0.05359833913051361, 0.04121765566648271, 0.0, 0.0, 0.0, 0.0]"
https://support.microsoft.com/en-us/windows/how-to-use-remote-desktop-5fe128d5-8fb1-7a23-3b8a-41e636865e8c,314,18,70.73,want|free|make|use|machine,"[0.0, 0.0, 0.0, 0.0, 0.0, 0.0, 0.0, 0.0, 0.0, 0.0, 0.0, 0.0, 0.0, 0.0, 0.0, 0.07827861487285527, 0.0675789847194276, 0.0, 0.0, 0.0, 0.0, 0.0, 0.0, 0.0, 0.0, 0.0, 0.0, 0.0, 0.0, 0.14147923517097688, 0.0, 0.0, 0.0, 0.0, 0.0, 0.0, 0.0, 0.0, 0.0, 0.0, 0.0, 0.0, 0.0, 0.0, 0.0, 0.0, 0.0, 0.06611536435413606, 0.0, 0.0, 0.0, 0.0, 0.0, 0.0, 0.0, 0.0, 0.0, 0.0, 0.0, 0.0, 0.0, 0.0, 0.434767578020445, 0.0, 0.0, 0.0, 0.0, 0.0, 0.0, 0.0, 0.0, 0.0, 0.0, 0.0, 0.0, 0.0, 0.0, 0.0, 0.0, 0.0, 0.0, 0.0, 0.0, 0.0, 0.0, 0.0, 0.0, 0.0, 0.0, 0.0, 0.0, 0.26446145741654425, 0.0, 0.047545260978567934, 0.0, 0.0, 0.0, 0.0, 0.0, 0.0, 0.0, 0.0, 0.0, 0.0, 0.0, 0.0, 0.0, 0.0, 0.0, 0.0, 0.0, 0.0, 0.0, 0.0, 0.0, 0.0, 0.0, 0.0, 0.0, 0.0, 0.0, 0.0, 0.0, 0.0, 0.0, 0.0, 0.0, 0.0, 0.0, 0.0, 0.0, 0.0, 0.0, 0.0, 0.11715273413353845, 0.0, 0.0, 0.0, 0.0, 0.0, 0.0, 0.0, 0.06471984451041381, 0.0, 0.0, 0.0, 0.0, 0.0, 0.0, 0.0, 0.0, 0.0, 0.0, 0.0, 0.0, 0.0, 0.0, 0.0, 0.0, 0.0, 0.10369608220549455, 0.0, 0.0, 0.0, 0.0, 0.0, 0.0, 0.0, 0.0, 0.0, 0.0, 0.0, 0.0, 0.0, 0.0, 0.0, 0.0, 0.0, 0.0, 0.0, 0.0, 0.0, 0.0, 0.0, 0.0, 0.0, 0.0, 0.06611536435413606, 0.06088506491721526, 0.0, 0.07245427093761474, 0.09664896110344169, 0.0, 0.0, 0.0, 0.0, 0.0, 0.0, 0.0, 0.0, 0.0, 0.0, 0.0, 0.0, 0.0, 0.0, 0.0, 0.0, 0.0, 0.0, 0.0, 0.0, 0.0, 0.0, 0.048324480551720846, 0.0, 0.06088506491721526, 0.0, 0.0, 0.0, 0.0, 0.0, 0.0, 0.0, 0.0, 0.0, 0.0, 0.0, 0.0, 0.0, 0.0, 0.0, 0.0, 0.0, 0.0, 0.0, 0.0, 0.0, 0.0, 0.0, 0.0, 0.0, 0.0, 0.0, 0.0, 0.0, 0.0, 0.0, 0.0, 0.0, 0.0, 0.0, 0.0, 0.0, 0.0, 0.0, 0.0, 0.0, 0.0, 0.0, 0.0, 0.0, 0.0, 0.0, 0.0, 0.0, 0.0, 0.0, 0.0, 0.0, 0.0, 0.0, 0.0, 0.0, 0.0, 0.0, 0.0, 0.0, 0.0, 0.0, 0.0, 0.0, 0.0, 0.6858805347179576, 0.0, 0.0, 0.0, 0.0, 0.0, 0.0, 0.0, 0.0, 0.0, 0.0, 0.0, 0.0, 0.0, 0.05748540077156835, 0.0, 0.0, 0.0, 0.0, 0.0, 0.0, 0.0, 0.0, 0.0, 0.24843861601168285, 0.0, 0.0, 0.0, 0.0, 0.0, 0.0, 0.0, 0.0, 0.0, 0.0, 0.0, 0.0, 0.0, 0.0, 0.0, 0.20735308395902324, 0.0, 0.0, 0.0, 0.0, 0.0, 0.0, 0.0, 0.0, 0.0, 0.0, 0.0, 0.0, 0.0, 0.0, 0.0, 0.0, 0.0, 0.0, 0.0, 0.0, 0.0, 0.0, 0.0, 0.0, 0.0, 0.0, 0.0, 0.0, 0.0, 0.059708511497287134, 0.0, 0.0, 0.0, 0.0, 0.0, 0.08518630914554194, 0.0, 0.0, 0.0, 0.0, 0.0, 0.0, 0.0, 0.0, 0.0, 0.0, 0.0, 0.0, 0.23883404598914854, 0.0, 0.0, 0.0, 0.0, 0.0, 0.0, 0.0, 0.0, 0.0, 0.0, 0.0]"
https://support.apple.com/guide/remote-desktop/welcome/mac,381,25,47.59,learn|users|different|create,"[0.0, 0.0, 0.0, 0.0, 0.0, 0.0, 0.0, 0.0, 0.0, 0.0, 0.0, 0.0, 0.0, 0.0, 0.0, 0.0, 0.0, 0.0, 0.0, 0.0, 0.0, 0.0, 0.0, 0.0, 0.0, 0.0, 0.0, 0.0, 0.0, 0.0, 0.0, 0.0, 0.0, 0.0, 0.0, 0.0, 0.0, 0.0, 0.0, 0.0, 0.0, 0.0, 0.0, 0.0, 0.0, 0.0, 0.0, 0.0, 0.0, 0.0, 0.0, 0.0, 0.0, 0.0, 0.0, 0.0, 0.0, 0.0, 0.0, 0.0, 0.3834315223382191, 0.5051069375681261, 0.0, 0.0, 0.0, 0.0, 0.0, 0.43820745410082185, 0.0, 0.0, 0.14026187223102346, 0.0, 0.0, 0.0, 0.0, 0.0, 0.0, 0.0, 0.0, 0.0, 0.0, 0.0, 0.0, 0.0, 0.0, 0.0, 0.0, 0.0, 0.0, 0.0, 0.0, 0.0, 0.0, 0.15756313204582698, 0.0, 0.0, 0.0, 0.0, 0.0, 0.0, 0.0, 0.0, 0.0, 0.0, 0.0, 0.0, 0.0, 0.0, 0.0, 0.0, 0.0, 0.0, 0.0, 0.0, 0.0, 0.0, 0.0, 0.0, 0.0, 0.0, 0.0, 0.0, 0.0, 0.0, 0.0, 0.0, 0.0, 0.0, 0.0, 0.0, 0.0, 0.0, 0.0, 0.0, 0.0, 0.0, 0.0, 0.0, 0.0, 0.0, 0.0, 0.0, 0.0, 0.0, 0.0, 0.0, 0.0, 0.0, 0.0, 0.0, 0.0, 0.0, 0.0, 0.0, 0.0, 0.0, 0.0, 0.0, 0.0, 0.0, 0.0, 0.0, 0.0, 0.0, 0.0, 0.0, 0.0, 0.0, 0.0, 0.0, 0.0, 0.0, 0.0, 0.0, 0.0, 0.0, 0.0, 0.0, 0.17722959870323196, 0.0, 0.0, 0.0, 0.0, 0.0, 0.0, 0.0, 0.0, 0.0, 0.0, 0.0, 0.0, 0.0, 0.0, 0.0, 0.0, 0.0, 0.44790821519183127, 0.0, 0.0, 0.0, 0.0, 0.0, 0.0, 0.23442832107952677, 0.0, 0.0, 0.0, 0.0, 0.0, 0.0, 0.0, 0.0, 0.0, 0.0, 0.0, 0.0, 0.0, 0.0, 0.0, 0.0, 0.0, 0.0, 0.0, 0.0, 0.0, 0.0, 0.0, 0.0, 0.0, 0.0, 0.0, 0.0, 0.0, 0.0, 0.0, 0.0, 0.0, 0.0, 0.0, 0.0, 0.0, 0.0, 0.0, 0.0, 0.0, 0.0, 0.0, 0.0, 0.0, 0.0, 0.0, 0.0, 0.0, 0.0, 0.0, 0.0, 0.0, 0.0, 0.0, 0.0, 0.0, 0.0, 0.0, 0.0, 0.0, 0.0, 0.0, 0.0, 0.0, 0.0, 0.0, 0.0, 0.0, 0.0, 0.0, 0.0, 0.0, 0.0, 0.0, 0.0, 0.0, 0.0, 0.0, 0.0, 0.0, 0.0, 0.0, 0.0, 0.0, 0.0, 0.0, 0.0, 0.0, 0.0, 0.0, 0.0, 0.0, 0.0, 0.0, 0.0, 0.0, 0.21447902896518853, 0.0, 0.0, 0.0, 0.0, 0.0, 0.0, 0.0, 0.0, 0.0, 0.0, 0.0, 0.0, 0.0, 0.0, 0.0, 0.0, 0.0, 0.0, 0.0, 0.0, 0.0, 0.0, 0.0, 0.0, 0.0, 0.0, 0.0, 0.0, 0.0, 0.0, 0.0, 0.0, 0.0, 0.0, 0.0, 0.0, 0.0, 0.0, 0.0, 0.0, 0.0, 0.0, 0.0, 0.0, 0.0, 0.0, 0.0, 0.0, 0.0, 0.0, 0.0, 0.0, 0.0, 0.0, 0.0, 0.0, 0.0, 0.0, 0.0, 0.0, 0.16832097790745573, 0.0, 0.0, 0.0, 0.0, 0.0, 0.0, 0.0, 0.0, 0.0, 0.0, 0.0, 0.0, 0.0, 0.0, 0.0, 0.0, 0.0, 0.0, 0.0, 0.0, 0.0]"
https://en.wikipedia.org/wiki/Remote_desktop_software,737,34,40.38,software|access|many|network|used,"[0.022169299037503806, 0.0, 0.0, 0.04764563514424308, 0.12670441729626455, 0.0, 0.0, 0.0, 0.0, 0.0, 0.0, 0.0, 0.0, 0.0, 0.0, 0.025107637488056816, 0.021675762312635165, 0.0, 0.0, 0.0, 0.0, 0.04241262069572162, 0.0, 0.0, 0.0, 0.0, 0.0, 0.0, 0.0, 0.04537905217830096, 0.0, 0.0, 0.0, 0.0, 0.0, 0.0, 0.0, 0.0, 0.0, 0.0, 0.0, 0.0, 0.017774435172439162, 0.0, 0.0, 0.0, 0.0, 0.0, 0.0, 0.0, 0.0, 0.0, 0.0, 0.04537905217830096, 0.0, 0.02033099294024996, 0.021675762312635165, 0.038302661948230655, 0.0, 0.0, 0.445332517305077, 0.07333139390958032, 0.059764471295776604, 0.0, 0.0, 0.0, 0.0, 0.10603155173930405, 0.0, 0.0, 0.0, 0.0, 0.0, 0.020758701426823064, 0.0, 0.0, 0.0, 0.0, 0.0, 0.0, 0.0, 0.0, 0.0, 0.0, 0.0, 0.0, 0.0, 0.0, 0.0, 0.0, 0.026590853229346484, 0.08482524139144323, 0.059764471295776604, 0.0, 0.0, 0.0, 0.04151740285364613, 0.0, 0.0, 0.0, 0.0, 0.0, 0.0, 0.0, 0.0, 0.0, 0.0, 0.021675762312635165, 0.0, 0.0, 0.0, 0.0, 0.026590853229346484, 0.0, 0.0, 0.0, 0.0, 0.019921490431925534, 0.0, 0.0, 0.0, 0.022169299037503806, 0.0, 0.0, 0.0, 0.0, 0.020758701426823064, 0.0, 0.0, 0.0, 0.0, 0.03984298086385107, 0.022169299037503806, 0.0, 0.0, 0.0, 0.0, 0.0, 0.0, 0.0, 0.0, 0.0, 0.0, 0.0, 0.017458936198190986, 0.0, 0.0, 0.0, 0.0, 0.0, 0.0, 0.0, 0.0, 0.0, 0.0, 0.0, 0.0, 0.030500007667838645, 0.0, 0.0, 0.0, 0.0, 0.0, 0.0, 0.02033099294024996, 0.0, 0.0, 0.059764471295776604, 0.0, 0.0, 0.0, 0.0, 0.022169299037503806, 0.0, 0.02033099294024996, 0.0, 0.0, 0.0, 0.0, 0.0, 0.0, 0.0, 0.015499936240082862, 0.0, 0.0, 0.0, 0.0, 0.0, 0.0, 0.0, 0.02323949615252979, 0.0, 0.0, 0.0, 0.02444379796986011, 0.0, 0.0, 0.0, 0.0, 0.0, 0.0, 0.0, 0.0, 0.0, 0.0, 0.0, 0.0, 0.0, 0.04647899230505958, 0.04888759593972022, 0.0, 0.0, 0.0, 0.0, 0.030999872480165724, 0.0, 0.0, 0.09764353526574396, 0.0, 0.0, 0.0, 0.0, 0.0, 0.0, 0.0, 0.0, 0.0, 0.0, 0.0, 0.0, 0.0, 0.0, 0.0, 0.0, 0.0, 0.0, 0.0, 0.0, 0.0, 0.0, 0.0, 0.0, 0.0, 0.0, 0.0, 0.0, 0.0, 0.04537905217830096, 0.0, 0.0, 0.0, 0.0, 0.0, 0.0, 0.0, 0.0, 0.0, 0.0, 0.02444379796986011, 0.025107637488056816, 0.02033099294024996, 0.0, 0.0, 0.0, 0.018100631042323508, 0.0, 0.0, 0.0, 0.020758701426823064, 0.0, 0.0, 0.0, 0.0, 0.0, 0.0, 0.0, 0.0, 0.0, 0.0, 0.0, 0.0, 0.0, 0.0, 0.7577577370656634, 0.0, 0.0, 0.0, 0.0, 0.02268952608915048, 0.0, 0.0, 0.0, 0.0, 0.0, 0.0, 0.0, 0.0, 0.0, 0.01952870705314879, 0.038302661948230655, 0.0, 0.0, 0.0, 0.0, 0.0, 0.017458936198190986, 0.0, 0.0, 0.0, 0.0, 0.0, 0.0, 0.0, 0.0, 0.0, 0.0, 0.31245931285038064, 0.0, 0.0, 0.0, 0.0, 0.0, 0.0, 0.0, 0.0, 0.0, 0.0, 0.0, 0.0, 0.09764353526574396, 0.019921490431925534, 0.04066198588049992, 0.0, 0.0, 0.0, 0.0, 0.0, 0.0, 0.0, 0.0, 0.0, 0.0, 0.015756534290180268, 0.0, 0.0, 0.0, 0.0, 0.0, 0.0, 0.0, 0.0, 0.0, 0.02323949615252979, 0.019151330974115328, 0.0, 0.020758701426823064, 0.0, 0.0, 0.0, 0.013661630142829012, 0.09050315521161753, 0.08887217586219581, 0.03258243886229899, 0.019921490431925534, 0.030012799030428434, 0.0, 0.0, 0.0, 0.02033099294024996, 0.0, 0.0, 0.0, 0.0, 0.0, 0.0, 0.0, 0.0, 0.0, 0.0, 0.03258243886229899, 0.0, 0.0, 0.0, 0.0]"
https://www.fortinet.com/solutions/enterprise-midsize-business/network-access/application-access,100,4,51.18,access|users|devices|secure|network,"[0.0, 0.0, 0.0, 0.0, 0.32656935764424916, 0.0, 0.22050599735273987, 0.0, 0.0, 0.0, 0.0, 0.0, 0.0, 0.0, 0.0, 0.0, 0.0, 0.0, 0.0, 0.0, 0.42980834279273833, 0.0, 0.0, 0.0, 0.0, 0.0, 0.0, 0.0, 0.0, 0.0, 0.0, 0.0, 0.0, 0.0, 0.0, 0.0, 0.0, 0.0, 0.0, 0.0, 0.0, 0.0, 0.0, 0.0, 0.0, 0.0, 0.0, 0.0, 0.0, 0.0, 0.0, 0.0, 0.0, 0.0, 0.0, 0.0, 0.0, 0.0, 0.0, 0.0, 0.0, 0.0, 0.0, 0.0, 0.0, 0.0, 0.0, 0.0, 0.0, 0.0, 0.0, 0.0, 0.0, 0.0, 0.0, 0.0, 0.0, 0.0, 0.0, 0.0, 0.0, 0.0, 0.0, 0.0, 0.0, 0.0, 0.0, 0.0, 0.0, 0.0, 0.0, 0.19130082073140034, 0.17971053933031442, 0.0, 0.0, 0.0, 0.0, 0.0, 0.0, 0.0, 0.0, 0.0, 0.0, 0.0, 0.0, 0.0, 0.0, 0.0, 0.0, 0.0, 0.0, 0.0, 0.0, 0.0, 0.0, 0.0, 0.0, 0.0, 0.0, 0.0, 0.0, 0.0, 0.0, 0.0, 0.0, 0.0, 0.0, 0.0, 0.0, 0.0, 0.0, 0.0, 0.0, 0.0, 0.0, 0.0, 0.0, 0.0, 0.0, 0.0, 0.0, 0.0, 0.0, 0.0, 0.0, 0.0, 0.0, 0.0, 0.0, 0.0, 0.0, 0.0, 0.0, 0.0, 0.0, 0.0, 0.0, 0.0, 0.0, 0.0, 0.0, 0.0, 0.0, 0.0, 0.0, 0.0, 0.0, 0.0, 0.0, 0.0, 0.0, 0.0, 0.0, 0.0, 0.0, 0.0, 0.0, 0.0, 0.15474025999577998, 0.0, 0.0, 0.0, 0.0, 0.0, 0.0, 0.0, 0.0, 0.0, 0.0, 0.0, 0.0, 0.0, 0.0, 0.0, 0.0, 0.0, 0.0, 0.0, 0.0, 0.0, 0.0, 0.0, 0.0, 0.0, 0.0, 0.0, 0.0, 0.0, 0.0, 0.0, 0.0, 0.0, 0.0, 0.0, 0.0, 0.0, 0.0, 0.1761672646400417, 0.0, 0.0, 0.0, 0.0, 0.0, 0.0, 0.0, 0.0, 0.0, 0.0, 0.0, 0.0, 0.0, 0.0, 0.0, 0.0, 0.0, 0.0, 0.0, 0.0, 0.0, 0.0, 0.0, 0.0, 0.0, 0.0, 0.20964206476453992, 0.0, 0.0, 0.0, 0.0, 0.0, 0.0, 0.0, 0.0, 0.0, 0.0, 0.0, 0.0, 0.0, 0.0, 0.0, 0.0, 0.0, 0.0, 0.0, 0.0, 0.0, 0.0, 0.0, 0.0, 0.18726296819804555, 0.0, 0.0, 0.0, 0.0, 0.0, 0.0, 0.0, 0.0, 0.0, 0.0, 0.0, 0.0, 0.0, 0.22050599735273987, 0.0, 0.0, 0.0, 0.0, 0.0, 0.0, 0.0, 0.0, 0.0, 0.0, 0.0, 0.0, 0.0, 0.0, 0.1761672646400417, 0.17276297825267484, 0.0, 0.0, 0.0, 0.0, 0.0, 0.0, 0.0, 0.0, 0.0, 0.0, 0.19998788244378088, 0.0, 0.0, 0.0, 0.0, 0.0, 0.0, 0.0, 0.0, 0.0, 0.0, 0.0, 0.0, 0.0, 0.0, 0.0, 0.0, 0.0, 0.0, 0.0, 0.0, 0.0, 0.0, 0.0, 0.0, 0.0, 0.0, 0.0, 0.0, 0.0, 0.0, 0.0, 0.0, 0.0, 0.0, 0.0, 0.0, 0.0, 0.0, 0.0, 0.0, 0.3745259363960911, 0.0, 0.0, 0.0, 0.0, 0.0, 0.0, 0.0, 0.0, 0.0, 0.16034208595215071, 0.29392417603740434, 0.0, 0.0, 0.0, 0.0, 0.0, 0.1834046362594359, 0.0, 0.0, 0.0, 0.0, 0.0, 0.0, 0.0, 0.0, 0.0, 0.0, 0.14696208801870217, 0.0, 0.0, 0.0, 0.0]"
https://www.zscaler.com/resources/security-terms-glossary/what-is-zero-trust-network-access,853,50,37.91,access|network|secure|security|cloud,"[0.0, 0.0, 0.0, 0.0, 0.671235617382239, 0.0, 0.0, 0.0, 0.0, 0.0, 0.0, 0.0, 0.0, 0.0, 0.0, 0.0, 0.0, 0.0, 0.0, 0.0, 0.029447819845649585, 0.05242701496782916, 0.04925063624570513, 0.0, 0.0, 0.0310360092067116, 0.0, 0.0, 0.035037926778238616, 0.0, 0.0, 0.15379912735430776, 0.0, 0.02279188805902825, 0.0, 0.0, 0.0, 0.0, 0.0, 0.0, 0.02679380563055527, 0.0, 0.0, 0.0, 0.0, 0.0, 0.0, 0.0, 0.0, 0.0, 0.0, 0.0, 0.0, 0.16828162528643337, 0.0, 0.0, 0.0, 0.023673309952645244, 0.0, 0.05242701496782916, 0.0, 0.0, 0.0, 0.02740387538897677, 0.0, 0.0, 0.0, 0.05242701496782916, 0.0, 0.0, 0.0, 0.024139791415460958, 0.02679380563055527, 0.0, 0.0, 0.0, 0.0310360092067116, 0.018549684482871923, 0.0, 0.0, 0.0, 0.0, 0.0, 0.05745353117292237, 0.03928013035439495, 0.02621350748391458, 0.0, 0.0, 0.0, 0.0, 0.0, 0.05242701496782916, 0.024625318122852565, 0.018850808229848227, 0.028046937547738893, 0.0, 0.025660209922527454, 0.0, 0.0, 0.0, 0.0, 0.025660209922527454, 0.0, 0.0, 0.0, 0.0, 0.0, 0.0, 0.0, 0.0, 0.0, 0.024625318122852565, 0.0, 0.0, 0.0, 0.0, 0.0, 0.0, 0.0, 0.0, 0.0, 0.0, 0.0, 0.0, 0.0, 0.0, 0.0, 0.0, 0.0, 0.03928013035439495, 0.0, 0.024625318122852565, 0.0, 0.0, 0.0, 0.03191743110032859, 0.0, 0.0, 0.0, 0.0, 0.0310360092067116, 0.02621350748391458, 0.0, 0.0, 0.0, 0.06591391172327477, 0.0, 0.0, 0.0, 0.0, 0.0, 0.0, 0.0, 0.023224435824941873, 0.025660209922527454, 0.0, 0.0, 0.018850808229848227, 0.0, 0.0, 0.0, 0.0, 0.0, 0.0, 0.07539453495479254, 0.0, 0.0, 0.04925063624570513, 0.0, 0.0, 0.04474904115881593, 0.024139791415460958, 0.0, 0.0, 0.02513151165159751, 0.0, 0.0, 0.0, 0.0, 0.0, 0.0, 0.024139791415460958, 0.05747926272388029, 0.0, 0.0, 0.0, 0.0, 0.0, 0.024139791415460958, 0.0, 0.0, 0.01915975424129343, 0.0, 0.0, 0.0, 0.0, 0.05358761126111054, 0.0, 0.0, 0.0, 0.0, 0.0, 0.0, 0.0, 0.0, 0.0, 0.0, 0.0, 0.0, 0.0, 0.0, 0.0, 0.0, 0.02197130390775825, 0.07663901696517372, 0.0, 0.024139791415460958, 0.2655377055700705, 0.1402346877386945, 0.0, 0.0, 0.0, 0.05242701496782916, 0.0, 0.0, 0.0, 0.0, 0.0, 0.028046937547738893, 0.19632856283417227, 0.0, 0.0, 0.0, 0.0, 0.0, 0.0, 0.0, 0.0, 0.0, 0.025660209922527454, 0.0, 0.030215425055441596, 0.05745353117292237, 0.0, 0.0, 0.0, 0.028046937547738893, 0.0, 0.0, 0.0, 0.0, 0.0, 0.0, 0.0, 0.0, 0.0, 0.0, 0.0, 0.15107712527720796, 0.0, 0.0, 0.0, 0.0, 0.0, 0.0, 0.0, 0.0, 0.05745353117292237, 0.025660209922527454, 0.025660209922527454, 0.0, 0.0, 0.0, 0.0, 0.0, 0.0, 0.0, 0.0, 0.0, 0.05745353117292237, 0.0, 0.0, 0.0, 0.24172340044353277, 0.0, 0.05026302330319502, 0.0, 0.0, 0.0, 0.0, 0.0, 0.0, 0.07698062976758237, 0.0310360092067116, 0.0, 0.0, 0.03928013035439495, 0.0, 0.21725812273914863, 0.2130597895738072, 0.0, 0.0, 0.028046937547738893, 0.0, 0.0, 0.021581309864147726, 0.0, 0.04925063624570513, 0.0, 0.0, 0.02740387538897677, 0.0, 0.0, 0.0, 0.0, 0.0, 0.0, 0.08414081264321668, 0.0, 0.0, 0.0, 0.048279582830921916, 0.04925063624570513, 0.0, 0.02740387538897677, 0.0, 0.0, 0.0, 0.0, 0.0, 0.07387595436855769, 0.0, 0.0, 0.028726765586461186, 0.0, 0.030215425055441596, 0.0, 0.0, 0.0, 0.0, 0.0, 0.0, 0.0, 0.0, 0.024139791415460958, 0.048279582830921916, 0.0, 0.0, 0.023673309952645244, 0.0, 0.0, 0.15396125953516474, 0.0, 0.0, 0.0, 0.0, 0.0, 0.0, 0.0, 0.033774781007828325, 0.0, 0.087885215631033, 0.1611029907514715, 0.024625318122852565, 0.018549684482871923, 0.02679380563055527, 0.0, 0.0, 0.0, 0.0, 0.0, 0.03928013035439495, 0.0, 0.0, 0.0, 0.0, 0.0, 0.0, 0.0, 0.08055149537573575, 0.02279188805902825, 0.0, 0.05358761126111054, 0.0]"
https://www.efax.com/,1061,66,47.08,online|cloud|email|access|secure,"[0.0, 0.0, 0.0, 0.0, 0.07555967331245272, 0.0, 0.0, 0.0, 0.014442596821937022, 0.0, 0.0, 0.0, 0.0, 0.0, 0.0, 0.0, 0.030161260037684077, 0.0, 0.0, 0.0, 0.0, 0.0, 0.0, 0.0, 0.0, 0.0, 0.0, 0.0, 0.01972075253719545, 0.0, 0.0, 0.012366332346853477, 0.0, 0.0, 0.0, 0.0, 0.0, 0.0, 0.0, 0.0, 0.0, 0.03400321279409726, 0.024732664693706954, 0.0, 0.0, 0.0, 0.0, 0.0147540149134414, 0.03157188599119159, 0.0, 0.0, 0.0147540149134414, 0.020426065513949206, 0.11050160096917055, 0.0, 0.0, 0.015080630018842038, 0.0, 0.012366332346853477, 0.0, 0.0147540149134414, 0.0, 0.01386011814923094, 0.0, 0.0, 0.0, 0.0, 0.0, 0.01746831258542996, 0.0, 0.0, 0.0, 0.0, 0.04332779046581107, 0.0, 0.0, 0.0, 0.020881015000977252, 0.0, 0.0, 0.0, 0.0, 0.0, 0.0, 0.0, 0.0, 0.0, 0.0, 0.0, 0.0, 0.0, 0.0295080298268828, 0.0, 0.0, 0.0, 0.02717368843292915, 0.0, 0.015080630018842038, 0.03233715504402926, 0.03233715504402926, 0.07892971497797897, 0.028885193643874044, 0.0, 0.0, 0.08354005312006263, 0.0, 0.06127819654184761, 0.0, 0.0, 0.0, 0.0, 0.01386011814923094, 0.01850024066758435, 0.01616857752201463, 0.0, 0.0, 0.0, 0.01386011814923094, 0.0, 0.0, 0.0, 0.0, 0.0, 0.0, 0.7551871267220146, 0.4384957509998795, 0.028885193643874044, 0.0, 0.0, 0.0, 0.0, 0.0, 0.0, 0.0, 0.03921493597082169, 0.0, 0.0, 0.0, 0.0, 0.0, 0.0, 0.0, 0.028885193643874044, 0.0, 0.024293656068927243, 0.024732664693706954, 0.0, 0.0, 0.04850573256604389, 0.0, 0.0, 0.0, 0.0, 0.0, 0.0, 0.0, 0.0, 0.03182997612100603, 0.020426065513949206, 0.0, 0.0, 0.011145820477242382, 0.0, 0.0, 0.0, 0.048721750111097716, 0.0, 0.0, 0.0, 0.01282819006707655, 0.012593278885408786, 0.0, 0.0, 0.0, 0.0, 0.0, 0.0, 0.0, 0.0, 0.0, 0.0, 0.0, 0.032351637794451424, 0.0, 0.0, 0.0, 0.0, 0.0, 0.0, 0.0, 0.0, 0.021567758529634284, 0.0, 0.0, 0.0, 0.0, 0.015080630018842038, 0.0, 0.0, 0.0, 0.0, 0.0, 0.0, 0.015785942995595794, 0.01616857752201463, 0.0, 0.0, 0.10109817775355917, 0.0, 0.0, 0.0, 0.0, 0.0, 0.0, 0.010783879264817142, 0.0, 0.013586844216464574, 0.0, 0.0, 0.0, 0.021567758529634284, 0.02717368843292915, 0.0, 0.2793770447926633, 0.0, 0.0, 0.019082719340290436, 0.0, 0.0, 0.0, 0.0, 0.0, 0.0, 0.0, 0.0, 0.0, 0.0, 0.01386011814923094, 0.0, 0.014442596821937022, 0.0, 0.01700645486520689, 0.01616857752201463, 0.014442596821937022, 0.0, 0.0, 0.03157188599119159, 0.0, 0.0, 0.0, 0.03401290973041378, 0.0, 0.0, 0.0, 0.0, 0.0, 0.0, 0.0, 0.0, 0.0, 0.0, 0.013324289712323904, 0.019082719340290436, 0.0, 0.0, 0.0, 0.049723247463658506, 0.0, 0.0, 0.04332779046581107, 0.0, 0.0, 0.0147540149134414, 0.03401290973041378, 0.0, 0.0, 0.0, 0.0, 0.0, 0.12934862017611704, 0.0, 0.0, 0.0, 0.0, 0.0, 0.0, 0.0, 0.0, 0.0, 0.0, 0.0, 0.02772023629846188, 0.0, 0.0, 0.0, 0.0, 0.0, 0.0256563801341531, 0.06793422108232287, 0.05329715884929562, 0.0, 0.17331116186324427, 0.015785942995595794, 0.0, 0.0, 0.048587312137854485, 0.024293656068927243, 0.0, 0.0, 0.0, 0.0, 0.03816543868058087, 0.0165744158212195, 0.0, 0.0, 0.0, 0.013586844216464574, 0.09471565797357476, 0.0, 0.0, 0.0, 0.0, 0.0, 0.0, 0.0, 0.0, 0.0, 0.03401290973041378, 0.0, 0.013586844216464574, 0.01386011814923094, 0.0, 0.0, 0.0, 0.0, 0.0, 0.0, 0.0, 0.0, 0.0, 0.0, 0.0, 0.0, 0.0, 0.013586844216464574, 0.0, 0.0, 0.0, 0.0, 0.0, 0.0, 0.014442596821937022, 0.0, 0.0, 0.0, 0.0, 0.0, 0.0, 0.0, 0.009504901680812786, 0.0, 0.0, 0.022668808529398173, 0.0, 0.010440507500488626, 0.015080630018842038, 0.0, 0.0, 0.0, 0.0, 0.033148831642439, 0.0, 0.013324289712323904, 0.0, 0.01386011814923094, 0.014442596821937022, 0.013071645323607231, 0.0, 0.0, 0.0, 0.0256563801341531, 0.0, 0.0, 0.0]"
https://sign.dropbox.com/products/dropbox-fax,514,35,65.83,machine|number|online|email|users,"[0.0, 0.0, 0.0, 0.0, 0.0, 0.0, 0.0, 0.0, 0.0, 0.0, 0.0, 0.0, 0.0, 0.0, 0.0, 0.0, 0.0, 0.0, 0.0, 0.0, 0.0, 0.0, 0.0, 0.0, 0.0, 0.0, 0.0, 0.0, 0.0, 0.016309357916877005, 0.0, 0.0, 0.0, 0.0, 0.0, 0.0, 0.0, 0.0, 0.0, 0.0, 0.0, 0.0, 0.0, 0.0, 0.0, 0.0, 0.0, 0.0, 0.016309357916877005, 0.0, 0.0, 0.015243214168541668, 0.0, 0.03261871583375401, 0.0, 0.0, 0.0, 0.01376608353185371, 0.0, 0.0, 0.10670249917979167, 0.0, 0.0, 0.0, 0.0, 0.0, 0.0, 0.0, 0.0, 0.0, 0.0, 0.0, 0.0, 0.014921470379301287, 0.013253534697803557, 0.0, 0.0, 0.0, 0.0, 0.0, 0.0, 0.0, 0.0, 0.0, 0.0, 0.0, 0.0, 0.0, 0.0, 0.0, 0.0, 0.015243214168541668, 0.0, 0.0, 0.0, 0.0, 0.0, 0.0, 0.03340935893242231, 0.0, 0.016309357916877005, 0.014921470379301287, 0.0, 0.0, 0.049319995901603124, 0.0, 0.0, 0.0, 0.0, 0.0, 0.0, 0.0, 0.0, 0.0, 0.0, 0.0, 0.0, 0.0, 0.0, 0.0, 0.0, 0.0, 0.0, 0.0, 0.9060699319745512, 0.3271919198796991, 0.0, 0.0, 0.0, 0.0, 0.0, 0.0, 0.0, 0.0, 0.0, 0.0, 0.0, 0.0, 0.0, 0.0, 0.0, 0.0, 0.029842940758602575, 0.0, 0.0, 0.0, 0.0, 0.0, 0.0, 0.0, 0.0, 0.0, 0.0, 0.0, 0.0, 0.0, 0.0, 0.0, 0.0, 0.0, 0.0, 0.023030765471700864, 0.0, 0.0, 0.0, 0.0, 0.0, 0.0, 0.0, 0.026507069395607114, 0.0, 0.0, 0.0, 0.0, 0.0, 0.0, 0.0, 0.0, 0.0, 0.0, 0.0, 0.0, 0.022282881258517205, 0.0, 0.019113653627165463, 0.0, 0.0, 0.0, 0.0, 0.0, 0.0835233973310558, 0.0, 0.0, 0.0, 0.0, 0.0, 0.015580658859462172, 0.0, 0.0, 0.0, 0.0, 0.016704679466211157, 0.0, 0.0, 0.0, 0.015580658859462172, 0.0, 0.029842940758602575, 0.0, 0.0, 0.0, 0.0, 0.0, 0.01277636314917371, 0.011141440629258603, 0.03187083162057034, 0.0, 0.0, 0.0, 0.0, 0.0, 0.07018671781248495, 0.0, 0.06274790363302774, 0.0, 0.0, 0.0, 0.0, 0.016309357916877005, 0.0, 0.0, 0.0, 0.0, 0.0, 0.0, 0.0, 0.0, 0.0, 0.0, 0.0, 0.016704679466211157, 0.0, 0.0, 0.0, 0.0, 0.0, 0.0, 0.0, 0.0, 0.0, 0.0, 0.0, 0.0, 0.0, 0.0, 0.0, 0.0, 0.0, 0.0, 0.0, 0.0, 0.0, 0.0, 0.0, 0.0, 0.0, 0.0, 0.0, 0.0, 0.0, 0.0, 0.0, 0.0, 0.0, 0.0, 0.0, 0.0, 0.0, 0.0, 0.0835233973310558, 0.0, 0.0, 0.0, 0.0, 0.0, 0.0, 0.0, 0.0, 0.0, 0.0, 0.0, 0.0, 0.014921470379301287, 0.0, 0.0, 0.0, 0.0, 0.0, 0.0, 0.02753216706370742, 0.0, 0.13429323341371158, 0.016309357916877005, 0.0, 0.0, 0.012549580726605548, 0.012549580726605548, 0.014319678446138892, 0.0, 0.0, 0.0, 0.0, 0.0, 0.0, 0.0, 0.0, 0.0, 0.0, 0.0, 0.0, 0.0, 0.0, 0.014319678446138892, 0.0, 0.0, 0.0, 0.0, 0.0, 0.0, 0.0, 0.0, 0.0, 0.0, 0.0, 0.0, 0.0, 0.0, 0.0, 0.0, 0.0, 0.0, 0.0, 0.011325884738993113, 0.0, 0.0, 0.0, 0.0, 0.0, 0.01376608353185371, 0.0, 0.0, 0.0, 0.0, 0.0, 0.0, 0.014921470379301287, 0.0, 0.0, 0.0, 0.0, 0.0, 0.0, 0.03513065820251513, 0.0, 0.0323600510353068, 0.0, 0.0, 0.0, 0.0, 0.03187083162057034, 0.0, 0.0, 0.0, 0.024234349338025648, 0.0, 0.0, 0.0, 0.0, 0.0, 0.0, 0.013253534697803557, 0.0, 0.0, 0.0]"
https://www.fax.plus/,1942,121,42.38,online|email|free|access|google,"[0.0, 0.0, 0.0, 0.0, 0.07903136473672871, 0.0, 0.0, 0.0, 0.04531854442223657, 0.0, 0.0, 0.0, 0.0, 0.0, 0.0, 0.0, 0.0, 0.0, 0.0, 0.0, 0.0, 0.0, 0.0, 0.0, 0.0, 0.0, 0.0, 0.0, 0.0, 0.0, 0.0, 0.0, 0.038114791450314746, 0.0, 0.0, 0.0, 0.0, 0.0, 0.0, 0.0, 0.0, 0.0, 0.0, 0.0, 0.0, 0.0, 0.0, 0.0, 0.0, 0.0, 0.0, 0.0, 0.0, 0.0, 0.0, 0.0, 0.04732058990846676, 0.0, 0.0, 0.0, 0.09259144854691845, 0.0, 0.0, 0.0, 0.0, 0.0, 0.0, 0.0, 0.0, 0.0, 0.014818380888136634, 0.0, 0.0, 0.0, 0.02012639792480657, 0.0, 0.0, 0.0, 0.0, 0.04839803524235765, 0.0, 0.0, 0.0, 0.0, 0.0, 0.0, 0.05336351833231285, 0.0, 0.0, 0.0, 0.0, 0.0, 0.04349082009194569, 0.0, 0.0, 0.0, 0.0, 0.0, 0.05073439407813657, 0.0, 0.04953374851579179, 0.04531854442223657, 0.0, 0.0, 0.1310676208383486, 0.0, 0.0, 0.0, 0.0, 0.0, 0.0, 0.04349082009194569, 0.0, 0.0, 0.0, 0.0, 0.0, 0.04349082009194569, 0.0, 0.0, 0.0, 0.0, 0.0, 0.0, 0.7452949263080269, 0.4586430315741703, 0.0, 0.0, 0.0, 0.0, 0.0, 0.0, 0.0, 0.0, 0.08203343852538077, 0.0, 0.0, 0.0, 0.0, 0.0, 0.0, 0.0, 0.06797781663335485, 0.0, 0.0, 0.0, 0.04101671926269038, 0.0, 0.0, 0.0, 0.0, 0.0, 0.0, 0.0, 0.0, 0.039515682368364356, 0.0, 0.016646223720279185, 0.0, 0.0, 0.0, 0.01311517156456661, 0.0, 0.0, 0.0, 0.0, 0.0, 0.0, 0.0, 0.0, 0.0, 0.0, 0.0, 0.0, 0.0, 0.0, 0.0, 0.0, 0.0, 0.0, 0.0, 0.0, 0.0, 0.0, 0.058050777768893176, 0.0, 0.0, 0.0, 0.0, 0.0, 0.0, 0.0, 0.0, 0.0, 0.0, 0.0, 0.04732058990846676, 0.0, 0.0, 0.0, 0.0, 0.0, 0.0, 0.07430062277368767, 0.05073439407813657, 0.0, 0.0, 0.04531854442223657, 0.0, 0.0, 0.0, 0.0, 0.0, 0.09700890163841341, 0.0, 0.0, 0.0, 0.0, 0.0, 0.0, 0.0, 0.04263333047188644, 0.0, 0.18580960832028437, 0.0, 0.0, 0.0, 0.0, 0.0, 0.0, 0.0, 0.10401569869009418, 0.0, 0.0, 0.0, 0.0, 0.0, 0.0, 0.0, 0.0, 0.0, 0.05336351833231285, 0.05073439407813657, 0.09063708884447313, 0.0, 0.0, 0.0, 0.0, 0.0, 0.044384809423597155, 0.0, 0.0, 0.0, 0.0, 0.0, 0.0, 0.0, 0.0, 0.020011319374617316, 0.0, 0.0, 0.0, 0.0, 0.0, 0.0, 0.0, 0.0, 0.0, 0.0, 0.0, 0.0, 0.0, 0.0, 0.0, 0.0, 0.0, 0.0, 0.0, 0.0, 0.1712285800137109, 0.0, 0.0, 0.0, 0.0, 0.0, 0.0, 0.0, 0.0, 0.0, 0.0, 0.0, 0.04349082009194569, 0.0, 0.0, 0.0, 0.0, 0.0, 0.0, 0.04263333047188644, 0.057488030453782174, 0.0, 0.16427972353060755, 0.0, 0.0, 0.0, 0.038114791450314746, 0.0, 0.0, 0.0, 0.0, 0.024199017621178823, 0.0, 0.0, 0.0, 0.0, 0.0, 0.04263333047188644, 0.0, 0.0, 0.0, 0.0, 0.0, 0.0, 0.0, 0.0, 0.0, 0.0, 0.0, 0.0, 0.0, 0.0, 0.0, 0.04953374851579179, 0.0, 0.0, 0.0, 0.0, 0.0, 0.0, 0.0, 0.0, 0.0, 0.0, 0.0, 0.04263333047188644, 0.0, 0.0, 0.046295724273459224, 0.0, 0.0, 0.0, 0.0, 0.0, 0.0, 0.0, 0.0, 0.0, 0.0, 0.0, 0.01491242587332483, 0.0, 0.0, 0.0, 0.0, 0.016380316115759637, 0.0, 0.0, 0.0, 0.0, 0.0, 0.0, 0.0, 0.0, 0.0, 0.0, 0.0, 0.0, 0.0, 0.0, 0.0, 0.02012639792480657, 0.0, 0.0, 0.0]"
https://comfax.com/reviews/free-fax/,2602,98,56.79,free|service|online|security|information,"[0.03705808153279752, 0.01852904076639876, 0.0, 0.019911047129527223, 0.0, 0.0, 0.0, 0.006994965391510621, 0.011566711373971458, 0.0, 0.0, 0.0, 0.0, 0.0, 0.0, 0.0, 0.01811654409343965, 0.0, 0.0, 0.0, 0.0, 0.0, 0.0, 0.007408187973021931, 0.0, 0.0, 0.0, 0.0, 0.0, 0.0, 0.0, 0.0, 0.03891235231894044, 0.01027377373928669, 0.0, 0.0, 0.0, 0.0, 0.0, 0.0, 0.0, 0.009077438381894976, 0.009903883544917598, 0.0, 0.01772417739846861, 0.0, 0.0, 0.0, 0.0, 0.0, 0.0, 0.00590805913282287, 0.0, 0.0, 0.0, 0.0056641964844260555, 0.0, 0.005335543713701677, 0.0, 0.0, 0.01181611826564574, 0.0, 0.0, 0.0, 0.0, 0.0, 0.0, 0.0, 0.020984896174531864, 0.0, 0.005042819650625555, 0.0, 0.0, 0.017350067060957187, 0.005136886869643345, 0.0, 0.0, 0.020903847546396372, 0.0, 0.01852904076639876, 0.0, 0.0, 0.0, 0.0, 0.0, 0.0, 0.04767014206028252, 0.0, 0.0, 0.0, 0.0, 0.01181611826564574, 0.0, 0.008497274910027853, 0.0, 0.005440680352450692, 0.034700134121914375, 0.01811654409343965, 0.0, 0.0, 0.0, 0.023133422747942917, 0.0, 0.0, 0.023894685939875666, 0.0, 0.02453808070860437, 0.0, 0.0, 0.0, 0.0, 0.0, 0.0, 0.0, 0.0, 0.005136886869643345, 0.0, 0.0, 0.0, 0.0, 0.006810020294326074, 0.0061763469221329205, 0.0, 0.0, 0.8291754313648935, 0.2146101116473842, 0.04626684549588583, 0.0, 0.0, 0.0, 0.0, 0.011100218902309313, 0.0, 0.0, 0.36117190643960373, 0.0, 0.0, 0.0, 0.0, 0.0, 0.0, 0.053172532195405825, 0.005783355686985729, 0.0066370157098424075, 0.0, 0.0, 0.0, 0.0, 0.006474502883053664, 0.0, 0.0, 0.013620040588652148, 0.0, 0.031406252733878585, 0.0, 0.01008563930125111, 0.011566711373971458, 0.0, 0.008179360236201456, 0.012949005766107328, 0.0, 0.05802164150206978, 0.0, 0.0, 0.0056641964844260555, 0.019510010149762197, 0.0, 0.011100218902309313, 0.0, 0.025684434348216732, 0.005042819650625555, 0.005440680352450692, 0.0, 0.0, 0.0056641964844260555, 0.0, 0.006810020294326074, 0.0, 0.0, 0.0, 0.0120776960622931, 0.005440680352450692, 0.025909610401593883, 0.0, 0.0, 0.0, 0.0, 0.02363223653129148, 0.010881360704901383, 0.012352693844265841, 0.006474502883053664, 0.004318268400265646, 0.00590805913282287, 0.010671087427403353, 0.006810020294326074, 0.0, 0.0, 0.0, 0.0, 0.0, 0.0, 0.006474502883053664, 0.0, 0.006321281714334182, 0.0, 0.0, 0.0, 0.011566711373971458, 0.006474502883053664, 0.0, 0.015282868417706008, 0.0, 0.0, 0.004951941772458799, 0.03886441560239082, 0.012352693844265841, 0.0, 0.0, 0.0, 0.0, 0.012954805200796941, 0.043525442819605534, 0.04726447306258296, 0.0972808807973511, 0.0, 0.0, 0.0, 0.0, 0.0, 0.0, 0.01942350864916099, 0.0796441885181089, 0.0, 0.0, 0.016322041057352077, 0.0, 0.0, 0.005550109451154656, 0.0, 0.0, 0.04532152018137565, 0.013620040588652148, 0.0, 0.005783355686985729, 0.012949005766107328, 0.0, 0.018963845143002544, 0.0, 0.0, 0.0, 0.0, 0.0, 0.0, 0.0, 0.0, 0.0, 0.0, 0.0, 0.013620040588652148, 0.0, 0.0, 0.005335543713701677, 0.0, 0.0, 0.0, 0.0, 0.0, 0.012949005766107328, 0.0, 0.005783355686985729, 0.0, 0.007193622235568951, 0.04135641392976009, 0.006810020294326074, 0.0, 0.0, 0.0, 0.0, 0.0, 0.07769403459664397, 0.0, 0.0, 0.0, 0.0, 0.0, 0.0, 0.007408187973021931, 0.0, 0.0, 0.0, 0.0, 0.0, 0.005783355686985729, 0.0, 0.0, 0.0, 0.0, 0.005136886869643345, 0.038084762467154844, 0.07469761199182347, 0.0, 0.15036724786162894, 0.044248972000339275, 0.0, 0.0, 0.1848336735149671, 0.04377639635880799, 0.005550109451154656, 0.012642563428668364, 0.006321281714334182, 0.0061763469221329205, 0.015282868417706008, 0.0, 0.0, 0.0, 0.0, 0.0, 0.0, 0.0, 0.0, 0.0, 0.0, 0.01665032835346397, 0.0, 0.0, 0.0, 0.0, 0.0, 0.0, 0.005440680352450692, 0.005550109451154656, 0.0, 0.0, 0.0, 0.0, 0.0, 0.0, 0.0, 0.005783355686985729, 0.0066370157098424075, 0.0, 0.0, 0.004389756387967168, 0.0066370157098424075, 0.005440680352450692, 0.0, 0.0, 0.0, 0.0, 0.0, 0.0, 0.0, 0.0, 0.005335543713701677, 0.0, 0.0, 0.0, 0.0, 0.0, 0.026642825737911456, 0.015128458951876665, 0.009903883544917598, 0.040848472718527394, 0.0, 0.041807695092792745, 0.00603884803114655, 0.0, 0.027240081177304296, 0.0, 0.0, 0.0, 0.0, 0.021342174854806707, 0.02348224714148989, 0.022200437804618625, 0.0, 0.020937501822585722, 0.0, 0.0, 0.0, 0.0, 0.0, 0.0, 0.0]"
https://nytlicensing.com/latest/trends/content-marketing-best-practices-2022/,13689,632,45.25,content|marketing|content marketing|audience|goals,"[0.0, 0.0, 0.0, 0.04645426709370215, 0.007059211585355481, 0.010370382045917568, 0.0, 0.007833544588458486, 0.0, 0.01069689273721604, 0.0, 0.0, 0.0, 0.01858170683748086, 0.0, 0.009791930735573107, 0.00845350596236031, 0.0, 0.0, 0.032123322656969176, 0.0, 0.0, 0.015538686549189499, 0.0, 0.0, 0.0, 0.0, 0.20972676096982384, 0.0, 0.00884887190177189, 0.026546615705315666, 0.02079598745464389, 0.06128056637973888, 0.02157267589275087, 0.03916772294229243, 0.1272950995624504, 0.053484463686080196, 0.0, 0.02157267589275087, 0.02593795303138801, 0.0, 0.0825960786023122, 0.01386399163642926, 0.0, 0.0, 0.009791930735573107, 0.029375792206719323, 0.0, 0.0, 0.0, 0.0, 0.0, 0.0, 0.0, 0.0, 0.007929048471846526, 0.0, 0.052282877884167155, 0.02772798327285852, 0.008270420591427428, 0.0, 0.0, 0.02330802982378425, 0.017291968687592005, 0.08557514189772832, 0.0, 0.8188685439012358, 0.0, 0.0, 0.0, 0.042355269512132886, 0.0685454265538217, 0.0, 0.024287561897679662, 0.04314535178550174, 0.0, 0.0, 0.010534440943867485, 0.0, 0.0, 0.019066069179074895, 0.028599103768612345, 0.010370382045917568, 0.0, 0.0, 0.0, 0.0, 0.0, 0.0, 0.0, 0.010370382045917568, 0.0, 0.0, 0.023789889642941375, 0.01769774380354378, 0.01523231701196038, 0.0, 0.0, 0.027190077532794732, 0.0, 0.00884887190177189, 0.0, 0.03381402384944124, 0.04278757094886416, 0.006689814647417612, 0.0, 0.0, 0.00845350596236031, 0.0, 0.009063359177598243, 0.018126718355196487, 0.015538686549189499, 0.0, 0.027190077532794732, 0.0, 0.01438178392850058, 0.00929085341874043, 0.0, 0.0, 0.0, 0.0, 0.008645984343796003, 0.0, 0.0, 0.0, 0.0, 0.0, 0.0, 0.009791930735573107, 0.0, 0.00845350596236031, 0.02330802982378425, 0.0, 0.0, 0.007327361757626209, 0.0, 0.0, 0.009063359177598243, 0.0, 0.01690701192472062, 0.09791930735573107, 0.024811261774282285, 0.0, 0.04645426709370215, 0.0953253254795938, 0.04159197490928778, 0.014654723515252419, 0.0, 0.0, 0.0, 0.0, 0.0, 0.008645984343796003, 0.03663680878813105, 0.01619170793178644, 0.021177634756066443, 0.01619170793178644, 0.005947472410735344, 0.0, 0.11782366930877716, 0.0, 0.024991332521796288, 0.0, 0.0, 0.02378714541553958, 0.0, 0.0, 0.0, 0.0, 0.00719089196425029, 0.014118423170710962, 0.01523231701196038, 0.008645984343796003, 0.0, 0.007929048471846526, 0.0, 0.009533034589537448, 0.04278757094886416, 0.005351851717934089, 0.00845350596236031, 0.00845350596236031, 0.01523231701196038, 0.024179782289892746, 0.027190077532794732, 0.0, 0.0, 0.0, 0.024811261774282285, 0.038080792529900945, 0.03458393737518401, 0.0, 0.036269673434839125, 0.008270420591427428, 0.014937965109762046, 0.0, 0.0, 0.006762804769888248, 0.0, 0.0, 0.03316363420104938, 0.28591183250508684, 0.018126718355196487, 0.057892944139992, 0.00884887190177189, 0.0, 0.028741920272025052, 0.0, 0.0, 0.0, 0.0, 0.01069689273721604, 0.0, 0.0, 0.00693199581821463, 0.036269673434839125, 0.008645984343796003, 0.038080792529900945, 0.0, 0.0, 0.0, 0.06649440129720506, 0.00761615850598019, 0.0, 0.013617903639941972, 0.010370382045917568, 0.01769774380354378, 0.01069689273721604, 0.009063359177598243, 0.0, 0.0, 0.018126718355196487, 0.00929085341874043, 0.0, 0.0, 0.022848475517940565, 0.024811261774282285, 0.0, 0.0077693432745947495, 0.0, 0.01619170793178644, 0.045316795887991215, 0.009533034589537448, 0.018126718355196487, 0.00809585396589322, 0.0, 0.009791930735573107, 0.0, 0.01769774380354378, 0.019066069179074895, 0.015858096943693053, 0.0, 0.0, 0.01690701192472062, 0.0, 0.0, 0.0, 0.0, 0.0, 0.0, 0.0, 0.007929048471846526, 0.029875930219524092, 0.008557514189772832, 0.06344351424318771, 0.007059211585355481, 0.0, 0.0, 0.0, 0.01619170793178644, 0.00809585396589322, 0.012392969506895926, 0.0, 0.016540841182854857, 0.0, 0.0, 0.0, 0.0, 0.017291968687592005, 0.0, 0.0, 0.0, 0.0, 0.05072103577416186, 0.0, 0.017291968687592005, 0.015858096943693053, 0.0, 0.0, 0.0, 0.01690701192472062, 0.011891892190063248, 0.015538686549189499, 0.0, 0.0, 0.009533034589537448, 0.0, 0.0, 0.02157267589275087, 0.0, 0.0, 0.009791930735573107, 0.0, 0.01769774380354378, 0.0, 0.0, 0.006808951819970986, 0.006808951819970986, 0.0077693432745947495, 0.00884887190177189, 0.0159279694231894, 0.008645984343796003, 0.0, 0.00929085341874043, 0.008645984343796003, 0.0, 0.054385402922163255, 0.0, 0.00884887190177189, 0.0, 0.0, 0.019066069179074895, 0.022848475517940565, 0.02330802982378425, 0.008645984343796003, 0.017291968687592005, 0.09510582778175604, 0.0, 0.009533034589537448, 0.054380155065589464, 0.00761615850598019, 0.0, 0.053917529608556385, 0.05309323141063133, 0.009063359177598243, 0.008645984343796003, 0.0, 0.008270420591427428, 0.008645984343796003, 0.0, 0.00929085341874043, 0.0, 0.0, 0.08603025651685724, 0.00929085341874043, 0.0, 0.00761615850598019, 0.053484463686080196, 0.024811261774282285, 0.007468982554881023, 0.01619170793178644, 0.0, 0.040479269829466105, 0.0, 0.007468982554881023, 0.014118423170710962, 0.0, 0.0077693432745947495, 0.018126718355196487, 0.0, 0.0255744465625138, 0.0, 0.0, 0.0, 0.0, 0.016386908134904975, 0.02536051788708093, 0.0, 0.019066069179074895, 0.02378714541553958, 0.006916787475036803, 0.0, 0.0, 0.07468982554881022, 0.05259475057398033, 0.0077693432745947495, 0.00809585396589322, 0.029309447030504837, 0.0, 0.0, 0.019060633523610506, 0.00719089196425029, 0.06042012795722304, 0.00845350596236031, 0.0]"
https://copyblogger.com/content-marketing/,5429,254,59.33,content|content marketing|marketing|audience|social media,"[0.0, 0.0, 0.0, 0.010946326754689251, 0.008317043995971786, 0.018327313756226427, 0.0, 0.05191509418133693, 0.009538398559830937, 0.0, 0.032037982101333094, 0.0, 0.01153668759585265, 0.005473163377344626, 0.0, 0.0, 0.0049798890541131145, 0.0, 0.0, 0.0049798890541131145, 0.0, 0.0, 0.009153709171809455, 0.018327313756226427, 0.006301449279419549, 0.0, 0.0, 0.16847490786531893, 0.0, 0.0, 0.015638387381906732, 0.008167160525346436, 0.0401109608122754, 0.0, 0.1615136263419371, 0.1153668759585265, 0.03780869567651729, 0.0, 0.05083312558106694, 0.010186552889987285, 0.0049798890541131145, 0.014971277900762936, 0.016334321050692872, 0.0, 0.004872035006486427, 0.0, 0.01153668759585265, 0.009744070012972854, 0.0052127957939689116, 0.0, 0.0, 0.009744070012972854, 0.013490091586945984, 0.0, 0.005932164619074379, 0.009341871140871826, 0.0, 0.03519931695656239, 0.032668642101385745, 0.004872035006486427, 0.0, 0.0, 0.0, 0.010186552889987285, 0.006301449279419549, 0.0, 0.7318998716455171, 0.0, 0.0, 0.026048556214468783, 0.024951131987915355, 0.026919688385289627, 0.014939667162339345, 0.08107638775856296, 0.07201359457317816, 0.0, 0.0, 0.0034476390546090345, 0.0, 0.0, 0.011231660524354595, 0.0, 0.006109104585408808, 0.0, 0.0, 0.0, 0.0, 0.0, 0.0, 0.0, 0.006109104585408808, 0.0, 0.0, 0.01751802914065201, 0.0052127957939689116, 0.013459844192644814, 0.009538398559830937, 0.06473855770347049, 0.010678296877764334, 0.032034890633293, 0.0052127957939689116, 0.009538398559830937, 0.06473855770347049, 0.018904347838258645, 0.06305461404544871, 0.005615830262177298, 0.0, 0.0, 0.0, 0.005339148438882167, 0.005339148438882167, 0.013730563757714183, 0.0, 0.0160174453166465, 0.0, 0.07201359457317816, 0.005473163377344626, 0.0, 0.005932164619074379, 0.0, 0.0, 0.0050932764449936425, 0.0, 0.0, 0.0, 0.0, 0.009538398559830937, 0.0, 0.0, 0.0, 0.0049798890541131145, 0.009153709171809455, 0.05093276444993643, 0.0, 0.008632974005058029, 0.0, 0.005473163377344626, 0.0160174453166465, 0.0, 0.0, 0.0, 0.04384831505837785, 0.023845996399577338, 0.054731633773446246, 0.0200554804061377, 0.004083580262673218, 0.034531896020232114, 0.016847490786531895, 0.005339148438882167, 0.0, 0.014939667162339345, 0.0, 0.0, 0.025898922015174086, 0.004769199279915468, 0.01663408799194357, 0.0, 0.0035036058281304014, 0.0, 0.021356593755528668, 0.0, 0.011041637383394491, 0.0, 0.0, 0.018683742281743652, 0.0, 0.0052127957939689116, 0.009153709171809455, 0.0, 0.05083312558106694, 0.02079260998992946, 0.053839376770579254, 0.0, 0.004872035006486427, 0.004670935570435913, 0.0, 0.011231660524354595, 0.018904347838258645, 0.019704566889202725, 0.009959778108226229, 0.0049798890541131145, 0.004486614730881604, 0.049854370236853886, 0.064069781266586, 0.0, 0.0, 0.0, 0.12180087516216069, 0.022433073654408026, 0.010186552889987285, 0.0, 0.024927185118426943, 0.01948814002594571, 0.013199743858710897, 0.0, 0.0, 0.0, 0.004399914619570299, 0.017796493857223136, 0.045584973375320366, 0.4256474764891397, 0.0160174453166465, 0.12180087516216069, 0.0052127957939689116, 0.005339148438882167, 0.0049798890541131145, 0.006109104585408808, 0.0, 0.005339148438882167, 0.0, 0.0, 0.0, 0.0, 0.004083580262673218, 0.024927185118426943, 0.0, 0.0, 0.004486614730881604, 0.0, 0.0, 0.010683079336468691, 0.0, 0.009744070012972854, 0.028077672568592785, 0.0, 0.010425591587937823, 0.0, 0.0, 0.0, 0.0, 0.0, 0.0, 0.013024278107234392, 0.0, 0.07627245042498727, 0.004872035006486427, 0.05671304351477594, 0.027461127515428365, 0.0, 0.014307597839746404, 0.005339148438882167, 0.0, 0.07474807814435033, 0.047691992799154675, 0.026695742194410836, 0.01153668759585265, 0.0469151621457202, 0.0, 0.06738996314612758, 0.05138029127479504, 0.0, 0.0, 0.0, 0.0, 0.0, 0.0, 0.0, 0.0, 0.0, 0.017305031393778977, 0.009341871140871826, 0.03079940233699209, 0.0, 0.064069781266586, 0.029109653985901245, 0.005932164619074379, 0.0, 0.0, 0.019076797119661874, 0.004769199279915468, 0.08030653177173447, 0.04745731695259503, 0.03410424504540499, 0.039310811835241086, 0.005473163377344626, 0.0, 0.005932164619074379, 0.015279829334980928, 0.004872035006486427, 0.0, 0.0, 0.0, 0.0049798890541131145, 0.0, 0.025466382224968213, 0.0, 0.0, 0.0, 0.020851183175875646, 0.019919556216452458, 0.007005413376848706, 0.032037982101333094, 0.004769199279915468, 0.005768343797926325, 0.011231660524354595, 0.0, 0.0, 0.01694437519368898, 0.0, 0.0, 0.017305031393778977, 0.004769199279915468, 0.0, 0.029660823095371894, 0.0, 0.016044384324910163, 0.02406657648736524, 0.0, 0.0, 0.0, 0.025466382224968213, 0.012602898558839098, 0.005473163377344626, 0.0, 0.0, 0.11442136464761818, 0.008973229461763209, 0.0052127957939689116, 0.0230733751917053, 0.03665462751245285, 0.0, 0.026919688385289627, 0.013730563757714183, 0.04074621155994914, 0.05093276444993643, 0.08658569956489193, 0.006745045793472992, 0.0, 0.0160174453166465, 0.004486614730881604, 0.0045768545859047275, 0.02335467785217956, 0.020851183175875646, 0.0, 0.0, 0.0, 0.0, 0.0, 0.009538398559830937, 0.0, 0.0, 0.0, 0.014479913833837834, 0.0, 0.0, 0.017946458923526417, 0.025205797117678196, 0.024360175032432138, 0.0, 0.014307597839746404, 0.0, 0.03815359423932375, 0.0160174453166465, 0.008799829239140598, 0.012475565993957678, 0.004769199279915468, 0.0045768545859047275, 0.010678296877764334, 0.0, 0.04080291242211381, 0.008317043995971786, 0.008167160525346436, 0.014971277900762936, 0.0, 0.01723819527304517, 0.009959778108226229, 0.0, 0.011231660524354595, 0.10743151812002599, 0.0, 0.0, 0.0, 0.026399487717421795, 0.0387289048847557, 0.0045768545859047275, 0.0, 0.012949461007587043, 0.0, 0.0, 0.01871409737595367, 0.004236093798422245, 0.0, 0.02987933432467869, 0.0]"
https://www.twilio.com/en-us/blog/insights/content-marketing-best-practices,4253,258,57.37,content|content marketing|marketing|might|best,"[0.006901140616851745, 0.0, 0.0, 0.0, 0.005634594033194626, 0.008277538092086142, 0.0, 0.01563164776377415, 0.0, 0.008538155750406689, 0.07441697089406828, 0.0, 0.0, 0.007415868840809722, 0.0, 0.0, 0.0, 0.0, 0.0, 0.006747506244734833, 0.0, 0.0, 0.012402828482344714, 0.03311015236834457, 0.008538155750406689, 0.0, 0.0, 0.1141376324401688, 0.0, 0.0, 0.021189250477346332, 0.016599154935292407, 0.13043613893667833, 0.02295880012389316, 0.08597406270075783, 0.0625265910550966, 0.017076311500813377, 0.0, 0.028698500154866455, 0.02760456246740698, 0.006747506244734833, 0.025356687174492007, 0.005533051645097468, 0.0, 0.026405477128998843, 0.0, 0.05471076717320953, 0.013202738564499421, 0.021189250477346332, 0.0, 0.0, 0.006601369282249711, 0.0, 0.0, 0.008037793086763457, 0.0, 0.006747506244734833, 0.011923338471699343, 0.005533051645097468, 0.0, 0.0, 0.0, 0.006201414241172357, 0.01380228123370349, 0.008538155750406689, 0.0, 0.8170161348132207, 0.006601369282249711, 0.0, 0.0, 0.1126918806638925, 0.04863314918927955, 0.006747506244734833, 0.04523422329645033, 0.06313670034070619, 0.0, 0.0, 0.014014147181463142, 0.0, 0.02760456246740698, 0.0, 0.0, 0.008277538092086142, 0.0072342851500212055, 0.0, 0.006601369282249711, 0.0, 0.0, 0.0, 0.0, 0.0, 0.0, 0.0, 0.04272493172591076, 0.0, 0.024316574594639775, 0.006462031899492904, 0.12820261864996182, 0.021702855450063615, 0.0, 0.0, 0.01938609569847871, 0.006747506244734833, 0.008538155750406689, 0.09611540981812687, 0.0, 0.0, 0.0202425187342045, 0.0, 0.0072342851500212055, 0.0072342851500212055, 0.03720848544703414, 0.008277538092086142, 0.0, 0.008823630095648618, 0.10331460055751923, 0.0, 0.031007071205861783, 0.016075586173526914, 0.008037793086763457, 0.007609175496011253, 0.0, 0.0, 0.0, 0.0, 0.0, 0.006462031899492904, 0.008037793086763457, 0.0, 0.0, 0.013495012489469667, 0.012402828482344714, 0.0, 0.0, 0.011697257785622826, 0.0, 0.0, 0.0, 0.0, 0.026990024978939334, 0.0312632955275483, 0.026405477128998843, 0.025848127597971615, 0.014831737681619444, 0.05434839122361597, 0.005533051645097468, 0.023394515571245653, 0.007609175496011253, 0.0, 0.022247606522429166, 0.040485037468409, 0.0, 0.020703421850555237, 0.005848628892811413, 0.03231015949746451, 0.0, 0.0, 0.004747214636212307, 0.0, 0.014468570300042411, 0.0, 0.0, 0.0, 0.0, 0.006328889376408684, 0.0, 0.007063083492448778, 0.006201414241172357, 0.0, 0.1607116008672521, 0.011269188066389251, 0.030395718243299723, 0.0, 0.013202738564499421, 0.0, 0.0, 0.007609175496011253, 0.025614467251220064, 0.021358979959583746, 0.006747506244734833, 0.0607275562026135, 0.0, 0.05307518442531756, 0.057874281200169644, 0.008277538092086142, 0.0, 0.0, 0.06601369282249711, 0.042554005540619604, 0.006901140616851745, 0.0072342851500212055, 0.04825016765937961, 0.006601369282249711, 0.0059616692358496716, 0.0, 0.0, 0.0, 0.011923338471699343, 0.0, 0.03529452038259447, 0.23565374116454957, 0.014468570300042411, 0.01980410784674913, 0.007063083492448778, 0.0072342851500212055, 0.0, 0.016555076184172283, 0.0, 0.0, 0.0, 0.0, 0.0, 0.0, 0.0, 0.06755023472313146, 0.006901140616851745, 0.030395718243299723, 0.0, 0.0, 0.0, 0.05307518442531756, 0.006079143648659944, 0.006601369282249711, 0.005434839122361598, 0.008277538092086142, 0.0, 0.034152623001626754, 0.014468570300042411, 0.0, 0.0, 0.04340571090012723, 0.007415868840809722, 0.0, 0.008538155750406689, 0.01823743094597983, 0.0, 0.0, 0.006201414241172357, 0.0, 0.012924063798985808, 0.03617142575010603, 0.0, 0.021702855450063615, 0.012924063798985808, 0.028937140600084822, 0.007815823881887075, 0.0, 0.014126166984897557, 0.053264228472078776, 0.006328889376408684, 0.0, 0.0, 0.080970074936818, 0.009491992691723508, 0.0, 0.0, 0.0, 0.0, 0.0, 0.007815823881887075, 0.006328889376408684, 0.011923338471699343, 0.0, 0.021702855450063615, 0.01690378209958388, 0.02411337926029037, 0.0, 0.0072342851500212055, 0.006462031899492904, 0.0, 0.07913558186240689, 0.008037793086763457, 0.05941232354024739, 0.0, 0.0, 0.0, 0.03215117234705383, 0.006901140616851745, 0.013202738564499421, 0.0, 0.0, 0.0, 0.0202425187342045, 0.0, 0.034505703084258724, 0.0, 0.0, 0.007609175496011253, 0.0, 0.033737531223674164, 0.0, 0.049611313929378856, 0.006462031899492904, 0.0, 0.015218350992022506, 0.0, 0.0, 0.05739700030973291, 0.006079143648659944, 0.0, 0.0, 0.006462031899492904, 0.0, 0.016075586173526914, 0.009891947732800862, 0.0, 0.005434839122361598, 0.006201414241172357, 0.014126166984897557, 0.0, 0.006901140616851745, 0.0, 0.014831737681619444, 0.02760456246740698, 0.0, 0.024805656964689428, 0.0, 0.0, 0.023447471645661227, 0.0, 0.0, 0.030395718243299723, 0.062014142411723566, 0.006901140616851745, 0.01380228123370349, 0.02760456246740698, 0.0, 0.02282752648803376, 0.0072342851500212055, 0.01823743094597983, 0.006201414241172357, 0.012657778752817367, 0.04944158444714145, 0.04340571090012723, 0.0, 0.0, 0.0, 0.0, 0.006462031899492904, 0.08157455724890694, 0.0, 0.0, 0.06866851406603312, 0.007415868840809722, 0.006079143648659944, 0.024316574594639775, 0.05122893450244013, 0.006601369282249711, 0.0059616692358496716, 0.03877219139695742, 0.0, 0.012924063798985808, 0.021702855450063615, 0.0, 0.011269188066389251, 0.006462031899492904, 0.006201414241172357, 0.014468570300042411, 0.0, 0.03402212420395918, 0.0, 0.022132206580389873, 0.0050713374348984016, 0.006201414241172357, 0.014014147181463142, 0.0, 0.0, 0.038045877480056264, 0.0379733362584521, 0.0, 0.007415868840809722, 0.0, 0.0655783615943464, 0.03148546379913323, 0.0434098996882065, 0.0, 0.01754588667843424, 0.0, 0.0, 0.04057069947918721, 0.02295880012389316, 0.02411337926029037, 0.006747506244734833, 0.0]"
https://www.akkio.com/beginners-guide-to-machine-learning,84153,3681,50.87,data|learning|machine learning|machine|ai,"[0.010182708734475627, 0.0, 0.0, 0.04376878351653563, 0.006651124277854168, 0.04641167360838806, 0.011227421970824655, 0.0, 0.0019069598003770133, 0.005039257013466951, 0.2818278474154081, 0.14092558532136584, 0.03920993537076672, 0.08753756703307126, 0.0, 0.02998406822470396, 0.025885650783100435, 0.012598142533667379, 0.02626127010992138, 0.007964815625569364, 0.015319074230787473, 0.02142886424724999, 0.016470458615186187, 0.012213598317996859, 0.03527479909426866, 0.0069194003595470675, 0.014231822317134334, 0.0, 0.0, 0.016674651560124, 0.0, 0.06857825888795571, 0.04169965687503059, 0.02879456736270686, 0.0, 0.002306466786515689, 0.005039257013466951, 0.018332330219735002, 0.045732548164299135, 0.030548126203426885, 0.017920835157531068, 0.025441567782321373, 0.02285941962931857, 0.0207582010786412, 0.04090964992656816, 0.011532333932578446, 0.009225867146062756, 0.0019480785679318172, 0.008337325780062, 0.0, 0.07282880493676433, 0.0019480785679318172, 0.005394000302743925, 0.010421657225077501, 0.047439407723781114, 0.024279698943654348, 0.0, 0.026389525197488904, 0.026125051004935507, 0.02142886424724999, 0.04285772849449998, 0.017963875153319448, 0.010980305743457458, 0.03869429319100739, 0.015117771040400851, 0.0028011078821832437, 0.004988343208390626, 0.0019480785679318172, 0.0415164021572824, 0.02343485351473923, 0.029930059250343758, 0.019733655006536902, 0.007964815625569364, 0.11060366842186678, 0.05589533664525449, 0.0025196285067334754, 0.009225867146062756, 0.42734591201112243, 0.09777242783858668, 0.006109625240685377, 0.04041871909496876, 0.029191297124144106, 0.06595343091718303, 0.014943974010165728, 0.06422098084318732, 0.011688471407590904, 0.008981937576659724, 0.020157028053867803, 0.0067364531824947935, 0.040323496565213945, 0.002442719663599372, 0.0, 0.0036601019144858193, 0.04763105768245655, 0.047939623235356506, 0.005381905910873701, 0.009534799001885067, 0.005973611719177023, 0.004269706860047351, 0.017078827440189404, 0.029180640230217006, 0.041953115608294296, 0.009956019531961706, 0.005039257013466951, 0.009454622816821917, 0.017963875153319448, 0.0, 0.009956019531961706, 0.0, 0.0021348534300236754, 0.004269706860047351, 0.009150254786214548, 0.0, 0.0064045602900710255, 0.013019363063744016, 0.14905423105401197, 0.04376878351653563, 0.007320203828971639, 0.014231822317134334, 0.016603792703323392, 0.02245484394164931, 0.020365417468951253, 0.0, 0.0, 0.0, 0.0, 0.03241831660640923, 0.021347733475701503, 0.011532333932578446, 0.0, 0.017920835157531068, 0.014640407657943277, 0.024438500962741506, 0.05602215764366488, 0.005177829679294885, 0.04981137810997017, 0.015319074230787473, 0.0064045602900710255, 0.05455531888234828, 0.009956019531961706, 0.0, 0.013636549975522721, 0.022883517604524162, 0.019695952582441032, 0.036888158004834755, 0.01632815687808469, 0.04832641034008559, 0.029191297124144106, 0.014943974010165728, 0.05033410104401598, 0.0438064859406315, 0.035927750306638896, 0.012219250481370753, 0.04142263743435908, 0.009534799001885067, 0.01829059176409896, 0.01716263820339312, 0.012608221151238498, 0.013485000756859811, 0.021348534300236754, 0.0, 0.04414988215977114, 0.007115911158567167, 0.026970001513719623, 0.022412029794142477, 0.07398045033942109, 0.04585529179034101, 0.007320203828971639, 0.11265462742181029, 0.05928293280557295, 0.01829059176409896, 0.026909529554368504, 0.012219250481370753, 0.01948078567931817, 0.028015037242678096, 0.032364001816463546, 0.047155172277463554, 0.03275517058753518, 0.017333475164173513, 0.350451887525052, 0.017920835157531068, 0.008969843184789503, 0.0868562554728585, 0.04269706860047351, 0.08305246856237863, 0.004168662890031, 0.002245484394164931, 0.01948078567931817, 0.005381905910873701, 0.020365417468951253, 0.3116886007834566, 0.05695492162154654, 0.031169257086909076, 0.04046393863614965, 0.0067364531824947935, 0.0, 0.0, 0.00879650839916297, 0.023719703861890557, 0.01822710828924162, 0.06222173254625892, 0.040562215170449833, 0.02142886424724999, 0.0062529943350465005, 0.004269706860047351, 0.027876854689492775, 0.01465631798159623, 0.0019069598003770133, 0.19854136899220182, 0.20209359547484382, 0.015117771040400851, 0.005394000302743925, 0.0, 0.01959378825370163, 0.0469878103377759, 0.010182708734475627, 0.025115560917410604, 0.016145717732621103, 0.020843314450155002, 0.05194160228924918, 0.06834590594585586, 0.05920096501961071, 0.02142886424724999, 0.006415331826927783, 0.017099037645195603, 0.0062529943350465005, 0.020157028053867803, 0.03629250831040248, 0.004168662890031, 0.008337325780062, 0.0, 0.0, 0.05468132486772487, 0.06299071266833689, 0.032291435465242206, 0.01948078567931817, 0.03275517058753518, 0.0018300509572429097, 0.0, 0.0038139196007540266, 0.0064045602900710255, 0.004490968788329862, 0.004269706860047351, 0.01716263820339312, 0.02775309459030778, 0.0645810700224393, 0.010421657225077501, 0.047939623235356506, 0.013472906364989587, 0.016809022345606855, 0.03368226591247397, 0.0, 0.007964815625569364, 0.13725428622697894, 0.044265834416729655, 0.04962530337882657, 0.01313063505496069, 0.0026970001513719625, 0.002245484394164931, 0.07611340395501774, 0.08030977342901054, 0.047501145355480036, 0.03527479909426866, 0.025618241160284102, 0.014965029625171879, 0.011859851930945279, 0.0, 0.0, 0.015255678403016107, 0.013348718602639094, 0.0, 0.030835615020457726, 0.03506541422277271, 0.02245484394164931, 0.028449709285748165, 0.0, 0.016603792703323392, 0.008146166987580502, 0.027273099951045442, 0.008539413720094702, 0.04670616788595442, 0.11610475805832168, 0.017920835157531068, 0.0, 0.020365417468951253, 0.020544360644630603, 0.009770878654397488, 0.01571839075915452, 0.022927645895170504, 0.011947223438354046, 0.05041994187929839, 0.03111086627312946, 0.053394874410556376, 0.03920993537076672, 0.047155172277463554, 0.020830980901990426, 0.0, 0.0033875961603184544, 0.0017939686369579004, 0.0070372067193303755, 0.02767760143818827, 0.007627839201508053, 0.0020843314450155, 0.0, 0.0846549292932924, 0.014434496610587511, 0.01122683069712362, 0.023790662444157826, 0.004168662890031, 0.012505988670093001, 0.026475042709636628, 0.05291219864140299, 0.010942195879133908, 0.004073083493790251, 0.0064045602900710255, 0.023790662444157826, 0.017939686369579006, 0.0062529943350465005, 0.02306466786515689, 0.017099037645195603, 0.026945812729979174, 0.026909529554368504, 0.0018300509572429097, 0.006109625240685377, 0.006109625240685377, 0.010182708734475627, 0.051243002876067284, 0.011227421970824655, 0.012809120580142051, 0.014351749095663204, 0.06405178350350184, 0.011206014897071239, 0.0062529943350465005, 0.06618045633073394, 0.012219250481370753, 0.004490968788329862, 0.01948078567931817, 0.020365417468951253, 0.024790477404901173, 0.008753756703307126, 0.0, 0.010078514026933902, 0.11869048564649075, 0.0240728309340946, 0.019733655006536902, 0.032291435465242206, 0.0, 0.0019480785679318172, 0.02287092183782372, 0.0019069598003770133, 0.05419261757040301, 0.0, 0.012809120580142051, 0.028148826877321502, 0.021616153903026045, 0.015255678403016107, 0.009150254786214548, 0.017078827440189404, 0.07719699165852635, 0.06149502171461513, 0.09311573988995835, 0.0, 0.014965628107247865, 0.014640407657943277, 0.0523843376013634, 0.03783287422145448, 0.04854600272469532, 0.05164614106579342, 0.009338345747559365, 0.0, 0.0021884391758267814, 0.0, 0.05277905039497781, 0.03252000321765597, 0.020130560529672006, 0.007627839201508053, 0.006903772905726513, 0.0, 0.0029191354928721513, 0.022448442160871794, 0.03726355776350299, 0.021347733475701503, 0.013938427344746387, 0.06827553177079411]"
https://medium.com/@amitvsolutions/machine-learning-101-the-complete-beginners-guide-to-machine-learning-686a30cbcf6b,1598,94,47.28,data|learning|model|machine|machine learning,"[0.0, 0.0, 0.0, 0.0, 0.0, 0.017371367972422017, 0.0, 0.0, 0.0, 0.0, 0.03904314816834872, 0.0, 0.13121925978422072, 0.06225222284006797, 0.0, 0.01640240747302759, 0.014160419749148336, 0.0, 0.0, 0.0, 0.0, 0.013853734485793502, 0.0, 0.0, 0.03583660834807116, 0.0, 0.0, 0.0, 0.0, 0.029645389970375868, 0.0, 0.01161174676191425, 0.011405636460401315, 0.024090844446776956, 0.0, 0.0, 0.0, 0.0, 0.04818168889355391, 0.028965678381927172, 0.014160419749148336, 0.0, 0.0232234935238285, 0.0, 0.027707468971587004, 0.01640240747302759, 0.0, 0.013853734485793502, 0.059290779940751735, 0.0, 0.03984008191931221, 0.0, 0.0, 0.0, 0.01686823543945399, 0.01328190399020439, 0.0, 0.012511250189814877, 0.01161174676191425, 0.013853734485793502, 0.0, 0.03193746402310672, 0.0, 0.0, 0.0, 0.0, 0.011824845169775475, 0.0, 0.0, 0.0, 0.02364969033955095, 0.012757783788279678, 0.0, 0.0813679135463788, 0.0, 0.0, 0.0, 0.480368290475952, 0.06518505966618339, 0.014482839190963586, 0.07984366005776679, 0.06387492804621343, 0.0, 0.015181981400797736, 0.0, 0.0, 0.01596873201155336, 0.01791830417403558, 0.03193746402310672, 0.0, 0.0, 0.0, 0.0, 0.0, 0.0, 0.0, 0.027122637848792937, 0.0, 0.015181981400797736, 0.0, 0.0, 0.0, 0.0, 0.0, 0.01120607046037788, 0.0, 0.0, 0.0, 0.0, 0.0, 0.0, 0.0, 0.0, 0.0, 0.0, 0.18068133335082714, 0.015563055710016992, 0.0, 0.0, 0.0, 0.0, 0.0, 0.0, 0.0, 0.0, 0.0, 0.0406839567731894, 0.0, 0.0, 0.0, 0.0, 0.0, 0.0, 0.03984008191931221, 0.0, 0.0, 0.031126111420033985, 0.045545944202393204, 0.0, 0.042481259247445, 0.0, 0.027707468971587004, 0.0, 0.0, 0.011405636460401315, 0.0232234935238285, 0.0, 0.0, 0.0, 0.0, 0.0, 0.01596873201155336, 0.0, 0.0, 0.027122637848792937, 0.011824845169775475, 0.0, 0.0, 0.0, 0.030363962801595472, 0.0, 0.03139712920664646, 0.0, 0.019179680234827044, 0.02656380798040878, 0.0, 0.0889361699111276, 0.0, 0.0, 0.03613626667016543, 0.02364969033955095, 0.0, 0.014482839190963586, 0.0, 0.0, 0.0, 0.0, 0.0, 0.04482428184151152, 0.45313343197274675, 0.0, 0.0, 0.07088097758927134, 0.0, 0.0, 0.0, 0.0, 0.0, 0.0, 0.0, 0.3340035908175502, 0.06075512364794687, 0.0, 0.0625562509490744, 0.0, 0.0, 0.014160419749148336, 0.012511250189814877, 0.0, 0.0, 0.013014382722782906, 0.045545944202393204, 0.0, 0.0, 0.0, 0.0, 0.017371367972422017, 0.0, 0.3795495350199434, 0.07984366005776679, 0.0, 0.0, 0.0, 0.0, 0.030377561823973435, 0.028965678381927172, 0.0, 0.0, 0.0, 0.0, 0.020251707882648955, 0.012757783788279678, 0.0, 0.0, 0.0, 0.0, 0.0, 0.13663783260717963, 0.0, 0.0, 0.0, 0.0, 0.018517404998787446, 0.10750982504421347, 0.0, 0.013853734485793502, 0.0, 0.0, 0.0, 0.0, 0.0, 0.0, 0.0, 0.0, 0.0, 0.0, 0.0, 0.014822694985187934, 0.0, 0.0, 0.0, 0.0, 0.0, 0.09960020479828052, 0.05555221499636234, 0.08303757089066681, 0.0, 0.0, 0.0, 0.13121925978422072, 0.07969142394122633, 0.025022500379629754, 0.0, 0.015181981400797736, 0.0, 0.0, 0.0, 0.0, 0.0, 0.013561318924396468, 0.0, 0.0, 0.0, 0.0, 0.015563055710016992, 0.0, 0.0, 0.0, 0.13853734485793504, 0.0, 0.0, 0.04345670644412226, 0.0, 0.01596873201155336, 0.0, 0.0, 0.0, 0.03193746402310672, 0.014822694985187934, 0.014160419749148336, 0.0, 0.013014382722782906, 0.0, 0.03280481494605518, 0.0, 0.0, 0.0, 0.024090844446776956, 0.0, 0.0, 0.0, 0.0, 0.0, 0.0, 0.0, 0.011405636460401315, 0.0, 0.0, 0.0, 0.0, 0.0, 0.0, 0.0, 0.0, 0.0, 0.0, 0.0, 0.0, 0.11481685231119312, 0.0, 0.0, 0.012757783788279678, 0.026028765445565812, 0.014482839190963586, 0.0, 0.0, 0.03835936046965409, 0.0, 0.0, 0.0, 0.013014382722782906, 0.02656380798040878, 0.0, 0.0, 0.014482839190963586, 0.0, 0.0, 0.0, 0.013561318924396468, 0.015563055710016992, 0.0, 0.0, 0.020586970471690558, 0.0, 0.012757783788279678, 0.0, 0.0, 0.0, 0.012511250189814877, 0.0, 0.059290779940751735, 0.0, 0.0, 0.05004500075925951, 0.02364969033955095, 0.0, 0.026028765445565812, 0.015181981400797736, 0.022874390248426555, 0.08032426866508748, 0.03547453550932642, 0.0, 0.0, 0.0, 0.06862404149656456, 0.0, 0.05753904070448113, 0.0, 0.0, 0.0, 0.0, 0.0, 0.037533750569444635, 0.01101264593716238, 0.0, 0.013561318924396468, 0.0, 0.0, 0.0, 0.0, 0.13249964445727325, 0.0, 0.0, 0.0]"
https://realpython.com/tutorials/data-science/,1705,69,-65.62,learning|data|may|machine|machine learning,"[0.05354353717533137, 0.0, 0.95274801655481, 0.0, 0.0, 0.0, 0.0, 0.0, 0.0, 0.0, 0.0, 0.0, 0.0, 0.0, 0.0, 0.0, 0.0, 0.0, 0.016439180999635906, 0.0, 0.0, 0.0, 0.0, 0.0, 0.0, 0.0, 0.0, 0.0, 0.0, 0.0, 0.0, 0.0, 0.012047719013683277, 0.0, 0.0, 0.0, 0.0, 0.0, 0.0, 0.0, 0.0, 0.0, 0.0, 0.0, 0.0, 0.0, 0.0, 0.0, 0.0, 0.0, 0.021041443592929865, 0.0, 0.0, 0.0, 0.0, 0.0, 0.0, 0.0, 0.0, 0.0, 0.0, 0.0, 0.0, 0.0, 0.0, 0.0, 0.0, 0.0, 0.0, 0.0, 0.0, 0.0, 0.0, 0.0, 0.0, 0.0, 0.0, 0.08284256622009159, 0.0, 0.0, 0.0, 0.0, 0.03669858511476239, 0.01603665403704626, 0.0, 0.0, 0.0, 0.0, 0.0, 0.0, 0.0, 0.0, 0.0, 0.0, 0.0, 0.0, 0.0, 0.0, 0.0, 0.0, 0.0, 0.0, 0.0, 0.0, 0.011836918406341945, 0.0, 0.0, 0.0, 0.0, 0.0, 0.0, 0.0, 0.0, 0.0, 0.0, 0.0, 0.0, 0.0, 0.0, 0.0, 0.0, 0.015298153478666103, 0.0, 0.0, 0.0, 0.0, 0.014324756047004977, 0.0, 0.0, 0.0, 0.0, 0.0, 0.0, 0.0, 0.01296499048628386, 0.0, 0.0, 0.0, 0.0, 0.0, 0.0, 0.0, 0.0, 0.0, 0.0, 0.0, 0.0, 0.0, 0.0, 0.0, 0.0, 0.0168676949285507, 0.0, 0.0, 0.0, 0.0, 0.014324756047004977, 0.0, 0.0, 0.0, 0.0, 0.0, 0.0, 0.0, 0.0, 0.0, 0.0, 0.0, 0.0, 0.012723521642338432, 0.0, 0.0, 0.0, 0.014633633200083724, 0.0140296113940029, 0.02025940411512649, 0.0, 0.0, 0.011836918406341945, 0.08974550022483245, 0.0, 0.0, 0.0, 0.0, 0.0, 0.0, 0.0, 0.0, 0.0, 0.0, 0.04810996211113877, 0.0, 0.0, 0.0, 0.0, 0.0, 0.0, 0.0, 0.0, 0.0, 0.0, 0.0, 0.0, 0.0, 0.0, 0.0, 0.0, 0.0, 0.0, 0.0, 0.0, 0.0, 0.0, 0.0, 0.0, 0.0, 0.0, 0.0, 0.0, 0.0, 0.0, 0.013475985741974913, 0.0, 0.0, 0.0, 0.0, 0.0, 0.0, 0.0, 0.0, 0.0, 0.0, 0.0, 0.0, 0.0, 0.0, 0.0, 0.0, 0.0, 0.0, 0.0, 0.0, 0.0, 0.0, 0.0, 0.0, 0.0, 0.0, 0.0, 0.0, 0.0, 0.0, 0.0, 0.0, 0.0, 0.0, 0.0, 0.0, 0.0, 0.0, 0.0, 0.0, 0.018927018640298936, 0.0, 0.0, 0.0, 0.0, 0.0, 0.0, 0.0, 0.0, 0.0, 0.0, 0.0, 0.0, 0.0, 0.0, 0.0, 0.0, 0.0, 0.0, 0.022951555150675155, 0.0, 0.0, 0.0, 0.0, 0.0, 0.0, 0.0, 0.0, 0.0, 0.0, 0.0, 0.0, 0.0, 0.25427799753329183, 0.0, 0.0, 0.0, 0.0, 0.017325784235632392, 0.0, 0.0, 0.0, 0.021928046828926354, 0.0, 0.0, 0.0, 0.0, 0.0, 0.0, 0.0, 0.016439180999635906, 0.0, 0.0, 0.0, 0.0, 0.0, 0.0, 0.0, 0.0, 0.0, 0.0, 0.0, 0.0, 0.0, 0.0, 0.0, 0.0, 0.0, 0.0, 0.0, 0.0, 0.0, 0.0, 0.0168676949285507, 0.0, 0.0, 0.0, 0.0, 0.0, 0.0, 0.00815471926250123, 0.0, 0.0, 0.0, 0.0, 0.0, 0.0, 0.0, 0.0, 0.0, 0.0, 0.0, 0.0, 0.0, 0.0, 0.0, 0.0, 0.0, 0.0, 0.0, 0.0, 0.0, 0.0, 0.0, 0.0, 0.0, 0.0, 0.0, 0.0, 0.0, 0.0, 0.0, 0.0, 0.0, 0.0, 0.0, 0.0, 0.0, 0.0, 0.0, 0.014957583370805409, 0.0]"
https://www.geeksforgeeks.org/data-science/data-science-with-python-tutorial/,316,12,11.25,data|machine learning|machine|learning|make,"[0.0, 0.03442312755375573, 0.0, 0.0, 0.0, 0.04128864565940989, 0.0, 0.0, 0.0, 0.0, 0.0, 0.0, 0.0, 0.03699060969801997, 0.0, 0.0, 0.0, 0.0, 0.18495304849009983, 0.033656794003746965, 0.0, 0.03292785779171559, 0.0, 0.0, 0.0, 0.0, 0.0, 0.0, 0.0, 0.0, 0.0, 0.0, 0.0, 0.0, 0.0, 0.0, 0.0, 0.0, 0.0, 0.0, 0.0, 0.0, 0.0, 0.0, 0.0, 0.0, 0.0, 0.0, 0.0, 0.0, 0.0, 0.0, 0.0, 0.0, 0.04009278929931104, 0.0, 0.0, 0.0, 0.0, 0.03292785779171559, 0.0, 0.03795482996513689, 0.0, 0.0, 0.0, 0.0, 0.0, 0.0, 0.0, 0.0, 0.0, 0.0, 0.0, 0.0, 0.0, 0.0, 0.0, 0.67572948107506, 0.0, 0.0, 0.03795482996513689, 0.07590965993027378, 0.0, 0.0, 0.0, 0.0, 0.0, 0.0, 0.0, 0.0, 0.0, 0.0, 0.0, 0.0, 0.0, 0.0, 0.03223283811802111, 0.0, 0.0, 0.0, 0.0, 0.0, 0.0, 0.0, 0.0, 0.0, 0.0, 0.0, 0.0, 0.0, 0.0, 0.0, 0.0, 0.0, 0.0, 0.0, 0.0, 0.0, 0.0, 0.0, 0.0, 0.0, 0.0, 0.0, 0.0, 0.0, 0.0, 0.0, 0.0, 0.0, 0.0, 0.0309328682444581, 0.0, 0.0, 0.0, 0.0, 0.0, 0.0, 0.0, 0.0, 0.0, 0.0, 0.0, 0.0, 0.0, 0.027599052550185098, 0.0, 0.0, 0.0, 0.03699060969801997, 0.0, 0.0, 0.0, 0.0, 0.0, 0.0, 0.0, 0.0, 0.0, 0.0, 0.0, 0.0, 0.0, 0.0, 0.0, 0.0, 0.0, 0.0, 0.0, 0.0, 0.0, 0.0, 0.0, 0.0, 0.0, 0.0, 0.0, 0.0, 0.02663483228306818, 0.23559755802622878, 0.0, 0.0, 0.0, 0.0, 0.0, 0.0, 0.0, 0.0, 0.0, 0.0, 0.2525940478736653, 0.07220205041641183, 0.0, 0.0, 0.0, 0.0, 0.0, 0.0, 0.0, 0.0, 0.0, 0.03608486398195219, 0.0, 0.0, 0.0, 0.033656794003746965, 0.04128864565940989, 0.0, 0.0, 0.0, 0.0, 0.0, 0.0, 0.0, 0.024067350138803942, 0.0, 0.0, 0.0, 0.0, 0.0, 0.0, 0.0, 0.0, 0.0, 0.0, 0.0, 0.0, 0.0, 0.0, 0.035230904205848027, 0.0, 0.0, 0.0, 0.0, 0.0, 0.0, 0.0, 0.0, 0.0, 0.03223283811802111, 0.0, 0.0, 0.0, 0.0, 0.0, 0.0, 0.0, 0.0, 0.0, 0.0, 0.0, 0.0, 0.0, 0.0, 0.04401257141869876, 0.0, 0.0, 0.0, 0.0, 0.0, 0.03156871861815678, 0.02973701188435925, 0.0, 0.0, 0.0, 0.0, 0.0, 0.0, 0.0, 0.0, 0.0, 0.0, 0.0, 0.0, 0.0, 0.0, 0.0, 0.0, 0.0, 0.0, 0.0, 0.0, 0.0, 0.0, 0.0, 0.0, 0.0, 0.0, 0.0, 0.0, 0.0, 0.0, 0.0, 0.0, 0.0, 0.5721634284430839, 0.0, 0.0, 0.0, 0.0, 0.0, 0.0, 0.0, 0.0, 0.0, 0.0, 0.0, 0.0, 0.0, 0.0, 0.0, 0.0, 0.0, 0.0, 0.0, 0.0, 0.0, 0.0, 0.03898559924527746, 0.04128864565940989, 0.03795482996513689, 0.0, 0.0, 0.0, 0.0, 0.0, 0.09117336324159962, 0.0, 0.0, 0.0, 0.0, 0.0, 0.0, 0.0, 0.03442312755375573, 0.0, 0.0, 0.0, 0.0, 0.0, 0.0, 0.0, 0.0, 0.0, 0.0, 0.0, 0.0, 0.0, 0.0, 0.0, 0.0, 0.0, 0.0, 0.0, 0.02810554948622, 0.0, 0.0618657364889162, 0.0, 0.05436834883365054, 0.0, 0.0, 0.0, 0.0, 0.0309328682444581, 0.0, 0.0, 0.0, 0.0, 0.0, 0.0, 0.0, 0.0, 0.0, 0.0, 0.0, 0.0, 0.0, 0.0, 0.0, 0.0, 0.0, 0.0, 0.033656794003746965, 0.0]"
https://jakevdp.github.io/PythonDataScienceHandbook/,53,3,53.51,content|website|find|work|data,"[0.0, 0.0, 0.0, 0.0, 0.0, 0.0, 0.0, 0.0, 0.0, 0.0, 0.0, 0.0, 0.0, 0.0, 0.0, 0.0, 0.0, 0.0, 0.0, 0.0, 0.0, 0.0, 0.0, 0.0, 0.0, 0.0, 0.0, 0.0, 0.0, 0.0, 0.0, 0.0, 0.0, 0.0, 0.0, 0.0, 0.0, 0.0, 0.0, 0.0, 0.0, 0.0, 0.0, 0.0, 0.0, 0.0, 0.0, 0.0, 0.0, 0.0, 0.0, 0.0, 0.0, 0.0, 0.3245145748338793, 0.0, 0.0, 0.0, 0.0, 0.0, 0.0, 0.0, 0.0, 0.2786238323097015, 0.0, 0.0, 0.45497759579176833, 0.0, 0.0, 0.0, 0.0, 0.0, 0.0, 0.0, 0.0, 0.0, 0.0, 0.1886004846173168, 0.0, 0.0, 0.0, 0.0, 0.0, 0.0, 0.0, 0.0, 0.0, 0.0, 0.0, 0.0, 0.0, 0.0, 0.0, 0.0, 0.0, 0.0, 0.0, 0.0, 0.0, 0.0, 0.0, 0.0, 0.0, 0.0, 0.0, 0.0, 0.0, 0.0, 0.0, 0.0, 0.0, 0.0, 0.0, 0.0, 0.0, 0.0, 0.0, 0.0, 0.0, 0.0, 0.0, 0.0, 0.0, 0.0, 0.0, 0.0, 0.0, 0.0, 0.0, 0.0, 0.0, 0.0, 0.2786238323097015, 0.0, 0.0, 0.0, 0.0, 0.0, 0.0, 0.0, 0.0, 0.0, 0.0, 0.0, 0.0, 0.0, 0.0, 0.0, 0.0, 0.0, 0.0, 0.0, 0.0, 0.0, 0.0, 0.0, 0.0, 0.0, 0.0, 0.0, 0.0, 0.0, 0.0, 0.0, 0.0, 0.0, 0.0, 0.0, 0.0, 0.0, 0.0, 0.0, 0.0, 0.0, 0.0, 0.0, 0.0, 0.0, 0.0, 0.0, 0.0, 0.0, 0.0, 0.0, 0.0, 0.0, 0.0, 0.0, 0.0, 0.0, 0.0, 0.0, 0.0, 0.0, 0.0, 0.0, 0.0, 0.0, 0.0, 0.0, 0.0, 0.0, 0.0, 0.0, 0.0, 0.0, 0.0, 0.0, 0.0, 0.0, 0.0, 0.0, 0.0, 0.0, 0.0, 0.0, 0.0, 0.0, 0.0, 0.0, 0.0, 0.0, 0.0, 0.0, 0.0, 0.0, 0.0, 0.0, 0.0, 0.0, 0.0, 0.0, 0.0, 0.0, 0.0, 0.0, 0.0, 0.0, 0.0, 0.0, 0.0, 0.0, 0.0, 0.0, 0.0, 0.0, 0.0, 0.0, 0.0, 0.0, 0.0, 0.0, 0.0, 0.0, 0.0, 0.0, 0.0, 0.0, 0.0, 0.0, 0.0, 0.0, 0.0, 0.0, 0.0, 0.0, 0.0, 0.0, 0.0, 0.0, 0.0, 0.0, 0.0, 0.0, 0.0, 0.0, 0.0, 0.0, 0.0, 0.0, 0.0, 0.0, 0.0, 0.0, 0.0, 0.0, 0.0, 0.0, 0.0, 0.0, 0.0, 0.0, 0.0, 0.0, 0.0, 0.3562416372345092, 0.0, 0.0, 0.0, 0.0, 0.0, 0.0, 0.0, 0.0, 0.0, 0.0, 0.0, 0.0, 0.0, 0.0, 0.0, 0.0, 0.0, 0.0, 0.0, 0.0, 0.0, 0.0, 0.0, 0.0, 0.0, 0.0, 0.0, 0.0, 0.0, 0.0, 0.0, 0.0, 0.0, 0.0, 0.0, 0.0, 0.0, 0.0, 0.0, 0.0, 0.0, 0.0, 0.5217908726414614, 0.0, 0.0, 0.0, 0.0, 0.0, 0.0, 0.0, 0.0, 0.0, 0.0, 0.0, 0.0, 0.0, 0.0, 0.0, 0.0, 0.0, 0.0, 0.0, 0.0, 0.0, 0.0, 0.0, 0.0, 0.0, 0.0, 0.0, 0.0, 0.0, 0.0, 0.0, 0.0, 0.0, 0.0, 0.0, 0.0, 0.0, 0.23613015388980152, 0.0, 0.0, 0.20474810607346286, 0.0, 0.0, 0.0, 0.0]"
https://www.w3schools.com/datascience/,2894,91,50.46,free|data|website|learn|want,"[0.0, 0.0, 0.0, 0.0, 0.07106472044290088, 0.0, 0.0, 0.0, 0.0, 0.0, 0.0, 0.0, 0.0, 0.0, 0.0, 0.0, 0.0, 0.0, 0.05845659009644826, 0.0, 0.0, 0.0, 0.0, 0.0, 0.0, 0.0, 0.0, 0.0, 0.0, 0.0, 0.0, 0.0, 0.0, 0.05429275504023753, 0.0, 0.0, 0.0, 0.0, 0.05429275504023753, 0.0, 0.053188131450100117, 0.04797060466461975, 0.0, 0.0, 0.0, 0.0, 0.0, 0.1457013237660956, 0.0, 0.0, 0.0, 0.05203618705931986, 0.0, 0.0, 0.3674821545346836, 0.0, 0.0, 0.05639239780933641, 0.0, 0.0, 0.0, 0.0, 0.0782135796835171, 0.0, 0.0, 0.17957260179956863, 0.07106472044290088, 0.0, 0.0, 0.0, 0.1687787110518896, 0.0, 0.0, 0.0, 0.0, 0.0, 0.0, 0.25039506808441786, 0.0, 0.0, 0.0, 0.07197642717106645, 0.0, 0.0, 0.0, 0.0, 0.0, 0.0, 0.0, 0.0, 0.0, 0.0, 0.0, 0.17961869782494524, 0.0, 0.0, 0.0, 0.0, 0.0, 0.05702523207104588, 0.0, 0.0, 0.0, 0.0, 0.0, 0.0, 0.0, 0.0, 0.0, 0.0, 0.0, 0.0, 0.05219905169778948, 0.0, 0.0, 0.0, 0.05845659009644826, 0.0, 0.0, 0.0760307905933828, 0.0, 0.0, 0.0, 0.0, 0.0, 0.0, 0.08150054604203796, 0.0, 0.0, 0.0, 0.0, 0.0, 0.0, 0.0, 0.35037982865639894, 0.0, 0.0, 0.0, 0.0, 0.0, 0.0, 0.0, 0.0, 0.0, 0.17993159162745415, 0.05233803438702005, 0.0, 0.0, 0.0, 0.0, 0.0, 0.0, 0.0, 0.0, 0.0, 0.0, 0.0, 0.0, 0.0, 0.0, 0.0, 0.0, 0.0, 0.0, 0.0, 0.0, 0.0, 0.0782135796835171, 0.0, 0.0, 0.0, 0.0, 0.06527901022476083, 0.05203618705931986, 0.06984365823855779, 0.0, 0.0, 0.0, 0.210456313882048, 0.0, 0.0, 0.0, 0.06085415658761926, 0.0, 0.0, 0.0, 0.0, 0.0, 0.0, 0.0, 0.0, 0.07606769573452407, 0.0, 0.046993664841113676, 0.0, 0.0, 0.0, 0.0, 0.0, 0.0, 0.0, 0.0, 0.0, 0.0, 0.0, 0.0, 0.0, 0.0, 0.0, 0.0, 0.0, 0.0, 0.0, 0.06978404584936007, 0.0, 0.0, 0.0, 0.0, 0.0, 0.0, 0.04564061744071445, 0.0, 0.0, 0.06854536823903015, 0.0, 0.0, 0.0, 0.0, 0.06681085419358414, 0.0, 0.09124037131367341, 0.0, 0.0, 0.0, 0.057503607364502364, 0.0, 0.0, 0.0, 0.0, 0.0, 0.0, 0.0, 0.0, 0.0, 0.0, 0.0, 0.08908113892477885, 0.0, 0.0, 0.0, 0.0, 0.0, 0.0, 0.0, 0.0, 0.0, 0.0, 0.0, 0.0, 0.0, 0.04988832731325556, 0.0, 0.0, 0.0, 0.05329854033217566, 0.0, 0.0, 0.0, 0.05093784127627372, 0.0, 0.0, 0.0, 0.0, 0.0, 0.07014790811573791, 0.0, 0.0, 0.0, 0.0, 0.0, 0.0, 0.0, 0.0, 0.0, 0.0, 0.0, 0.0, 0.0, 0.14475685075276565, 0.0, 0.0, 0.0, 0.0, 0.07393114782428392, 0.26391356629391033, 0.0, 0.0, 0.0, 0.0, 0.0, 0.0, 0.08150054604203796, 0.0, 0.0, 0.0, 0.0, 0.08568171029878768, 0.0, 0.0, 0.0, 0.0, 0.0, 0.0, 0.0, 0.09124037131367341, 0.0, 0.0, 0.0, 0.0, 0.0, 0.0, 0.0, 0.0782135796835171, 0.0, 0.0, 0.0, 0.0, 0.0, 0.0, 0.07667147648600314, 0.0, 0.0, 0.04454056946238943, 0.0, 0.0, 0.0, 0.0, 0.0, 0.0, 0.0, 0.0, 0.0, 0.0, 0.0, 0.009583934560750393, 0.0, 0.0, 0.1457013237660956, 0.0, 0.0, 0.0, 0.0, 0.11405046414209176, 0.0, 0.0, 0.0, 0.0, 0.0, 0.0, 0.16091039996744105, 0.04441545027681305, 0.06978404584936007, 0.06396080621949299, 0.0, 0.11783297321619664, 0.0, 0.0, 0.0, 0.0798213237012089, 0.1414378554869818, 0.0, 0.0, 0.1879746593644547, 0.0, 0.0, 0.0, 0.2212925233619362, 0.0, 0.0, 0.0, 0.12668309509388756, 0.0, 0.0, 0.0]"
https://aws.amazon.com/what-is/deep-learning/,1573,90,37.0,learning|models|ai|data|networks,"[0.0, 0.0, 0.0, 0.0, 0.030707770233516462, 0.011277863867986923, 0.0, 0.0, 0.0, 0.0, 0.18588274751543207, 0.0, 0.02129758794836754, 0.04041547538365718, 0.0, 0.0, 0.0, 0.011632946555548666, 0.0, 0.0, 0.02020773769182859, 0.06295898647097835, 0.0, 0.0, 0.06979767933329199, 0.0, 0.0, 0.0, 0.0, 0.009623210818228633, 0.0, 0.015077189022569333, 0.0, 0.007820145902352853, 0.0, 0.0, 0.0, 0.0, 0.015640291804705705, 0.00940256916305826, 0.018386495122085914, 0.0, 0.0075385945112846665, 0.02129758794836754, 0.00899414092442548, 0.0, 0.0, 0.00899414092442548, 0.0, 0.0, 0.0, 0.0, 0.0, 0.03849284327291453, 0.0, 0.0, 0.0, 0.0, 0.0, 0.0449707046221274, 0.02698242277327644, 0.020734485166231168, 0.0, 0.01880513832611652, 0.0, 0.0, 0.015353885116758231, 0.0, 0.0, 0.0, 0.015353885116758231, 0.016565252552343236, 0.009193247561042957, 0.008804298483717747, 0.007820145902352853, 0.0, 0.0, 0.17184418620872505, 0.07053255969908921, 0.0, 0.0, 0.0, 0.5977267850033069, 0.0, 0.01347744204601469, 0.00899414092442548, 0.0, 0.0, 0.010367242583115584, 0.0, 0.011277863867986923, 0.0, 0.0, 0.03880751002801447, 0.0, 0.0, 0.0, 0.0, 0.0, 0.0, 0.0, 0.0, 0.0, 0.0, 0.0, 0.0, 0.0, 0.009193247561042957, 0.0, 0.0, 0.009856467248654669, 0.0, 0.0, 0.0, 0.0, 0.08602160492588137, 0.0, 0.0, 0.0, 0.0, 0.0, 0.0, 0.0, 0.0, 0.0, 0.0, 0.0, 0.0, 0.01064879397418377, 0.0, 0.009193247561042957, 0.05914451057309202, 0.0, 0.012932516917745215, 0.01593711553694068, 0.0, 0.010103868845914295, 0.019712934497309337, 0.021902438919183243, 0.0, 0.0, 0.0, 0.0, 0.0, 0.007404783292390285, 0.0075385945112846665, 0.00796855776847034, 0.0, 0.0, 0.07072708192140006, 0.018386495122085914, 0.041468970332462336, 0.0, 0.0, 0.008804298483717747, 0.0, 0.0, 0.006467918338002412, 0.0, 0.0, 0.0, 0.03397281373198857, 0.043804877838366486, 0.08716301223041686, 0.0, 0.0, 0.028869632454685896, 0.0, 0.0, 0.0, 0.0, 0.008282626276171618, 0.01880513832611652, 0.01798828184885096, 0.06898317062743682, 0.0747111533403573, 0.0, 0.0, 0.02182566232225013, 0.5791745963457062, 0.009193247561042957, 0.008282626276171618, 0.019721763273682035, 0.0, 0.0, 0.0, 0.0, 0.0, 0.016565252552343236, 0.0, 0.07885173798923735, 0.026295684364909377, 0.0, 0.0, 0.0, 0.0, 0.0, 0.008122571387760702, 0.0, 0.0, 0.0, 0.0, 0.0, 0.0, 0.0, 0.03677299024417183, 0.0, 0.0, 0.039425868994618675, 0.1866103664960805, 0.0, 0.0, 0.0, 0.0075385945112846665, 0.013147842182454688, 0.0, 0.0, 0.08282626276171619, 0.09623210818228634, 0.2398107029769033, 0.0591652898210461, 0.008282626276171618, 0.0, 0.0, 0.0, 0.0, 0.0, 0.0, 0.0, 0.0, 0.0, 0.0, 0.0, 0.12796241211103532, 0.0, 0.0, 0.0, 0.0, 0.0, 0.0, 0.0, 0.0, 0.0, 0.0, 0.0, 0.0, 0.0, 0.0, 0.0, 0.0, 0.010367242583115584, 0.0, 0.0, 0.0, 0.024043791265747752, 0.0, 0.0, 0.0, 0.0, 0.01064879397418377, 0.008622896328429603, 0.08934828526536773, 0.011632946555548666, 0.0, 0.015353885116758231, 0.0, 0.0, 0.0, 0.0, 0.0, 0.0, 0.0, 0.00899414092442548, 0.0, 0.02020773769182859, 0.0, 0.0, 0.0, 0.0, 0.009856467248654669, 0.0, 0.0, 0.009193247561042957, 0.0, 0.00940256916305826, 0.017245792656859205, 0.0, 0.0, 0.009623210818228633, 0.02757974268312887, 0.0, 0.0, 0.0, 0.0, 0.0, 0.0, 0.0, 0.0, 0.008282626276171618, 0.0, 0.0, 0.0, 0.0, 0.0, 0.0, 0.007404783292390285, 0.01480956658478057, 0.016898431592312007, 0.0, 0.009623210818228633, 0.0, 0.0, 0.0, 0.0, 0.0, 0.0, 0.016565252552343236, 0.009623210818228633, 0.01064879397418377, 0.0, 0.0, 0.0, 0.008449215796156003, 0.0, 0.0, 0.0, 0.0, 0.0, 0.0, 0.0, 0.0, 0.0, 0.0, 0.009856467248654669, 0.01880513832611652, 0.020734485166231168, 0.03597656369770192, 0.0, 0.08804298483717746, 0.0, 0.0, 0.0, 0.013365501830517103, 0.0, 0.0, 0.016565252552343236, 0.0, 0.00899414092442548, 0.02436771416328211, 0.0, 0.04811605409114317, 0.0, 0.009856467248654669, 0.008122571387760702, 0.0076769425583791155, 0.008804298483717747, 0.0, 0.0, 0.029701087409409587, 0.06373673082258552, 0.0076769425583791155, 0.015077189022569333, 0.020728573852444542, 0.0, 0.006364599489212038, 0.0, 0.0, 0.0, 0.008622896328429603, 0.0, 0.02020773769182859, 0.0, 0.0, 0.021448936301878368, 0.008449215796156003, 0.0, 0.0, 0.0, 0.0, 0.027638098469926056, 0.0, 0.0, 0.0, 0.0]"
https://developers.google.com/search/docs/fundamentals/seo-starter-guide,3034,130,57.1,search|google|content|users|example,"[0.0, 0.0, 0.0, 0.030425470662524722, 0.007705780632148707, 0.0, 0.0, 0.010688795668067687, 0.0, 0.0, 0.0, 0.0, 0.0, 0.0, 0.0, 0.010688795668067687, 0.0, 0.0, 0.0, 0.0, 0.0, 0.0, 0.0, 0.0, 0.0, 0.0, 0.0, 0.020812373284873616, 0.0, 0.0, 0.0, 0.007566912887120133, 0.059460792101387584, 0.007849521912751012, 0.010688795668067687, 0.0, 0.0, 0.0, 0.0, 0.0, 0.009227781563262124, 0.06241931929654405, 0.0, 0.03206638700420306, 0.009027926991925696, 0.06413277400840613, 0.0, 0.05416756195155418, 0.009659359957207602, 0.0, 0.0, 0.018055853983851393, 0.0, 0.0, 0.0, 0.025965863499179908, 0.0, 0.0, 0.007566912887120133, 0.0, 0.0, 0.0, 0.008480954878032916, 0.018875778944067223, 0.0, 0.0, 0.24658498022875863, 0.018055853983851393, 0.0, 0.0, 0.007705780632148707, 0.016627479144698677, 0.0, 0.0, 0.0, 0.0, 0.0, 0.0, 0.0, 0.009437889472033612, 0.010406186642436808, 0.0, 0.0, 0.0, 0.0, 0.0, 0.010406186642436808, 0.0, 0.0, 0.0, 0.0, 0.0, 0.0, 0.05193771815306804, 0.009659359957207602, 0.0, 0.00883737141701537, 0.11073337875914548, 0.0, 0.00989349260444739, 0.009659359957207602, 0.01767474283403074, 0.02768334468978637, 0.0, 0.0, 0.0, 0.0, 0.009227781563262124, 0.0, 0.03957397041778956, 0.1681893742756056, 0.008480954878032916, 0.0, 0.0, 0.0, 0.14914091634226923, 0.0, 0.016961909756065832, 0.0, 0.02198471440118434, 0.0, 0.0, 0.0, 0.0, 0.0, 0.0, 0.0, 0.0, 0.0, 0.0, 0.018455563126524247, 0.02544286463409875, 0.0, 0.0, 0.0, 0.0, 0.04056729421669963, 0.01978698520889478, 0.01099235720059217, 0.0, 0.0, 0.07222341593540557, 0.34465748526359946, 0.010141823554174907, 0.08919118815208138, 0.03026765154848053, 0.00799849128106561, 0.010406186642436808, 0.0, 0.0, 0.0, 0.09365567978193126, 0.018875778944067223, 0.055989438967459275, 0.0, 0.015411561264297415, 0.01767474283403074, 0.01298442953826701, 0.0, 0.0, 0.0, 0.06138077581701833, 0.0, 0.0, 0.00865528783305997, 0.0, 0.0, 0.02544286463409875, 0.0, 0.007849521912751012, 0.0, 0.024941218717048016, 0.009437889472033612, 0.009027926991925696, 0.0, 0.0, 0.010406186642436808, 0.0, 0.03651274899429116, 0.0, 0.009227781563262124, 0.0, 0.026394462866867748, 0.06925444823113172, 0.0, 0.06761551970045322, 0.08324949313949447, 0.009027926991925696, 0.0, 0.028313668416100835, 0.0, 0.10557785146747099, 0.018055853983851393, 0.01630616689055099, 0.0, 0.0, 0.0, 0.008153083445275495, 0.0, 0.0, 0.008480954878032916, 0.01978698520889478, 0.0, 0.009659359957207602, 0.0, 0.009227781563262124, 0.0, 0.0, 0.0, 0.0, 0.0, 0.0, 0.0, 0.007566912887120133, 0.03299307858358468, 0.0, 0.008313739572349339, 0.0, 0.0, 0.0, 0.046190310017018565, 0.0, 0.009027926991925696, 0.0, 0.0, 0.009659359957207602, 0.0, 0.01978698520889478, 0.0, 0.0, 0.20776334469339516, 0.20283647108349814, 0.012067055318578799, 0.0, 0.12470609358524008, 0.0, 0.0, 0.0, 0.0, 0.00883737141701537, 0.0, 0.0, 0.0, 0.0, 0.00989349260444739, 0.021377591336135374, 0.0, 0.0, 0.020812373284873616, 0.00865528783305997, 0.0, 0.0, 0.05536668937957274, 0.0, 0.0, 0.0, 0.020283647108349814, 0.0, 0.0, 0.0, 0.0, 0.0, 0.0, 0.0, 0.0, 0.0, 0.0, 0.0, 0.00883737141701537, 0.00883737141701537, 0.02705613884676873, 0.0, 0.018055853983851393, 0.0, 0.0, 0.0, 0.0, 0.0, 0.0, 0.0, 0.0, 0.0, 0.036911126253048494, 0.0, 0.0, 0.04327643916529984, 0.0, 0.0, 0.06761551970045322, 0.1937834128285046, 0.0, 0.02544286463409875, 0.0, 0.0, 0.0, 0.0, 0.0, 0.48667035859056273, 0.0, 0.0, 0.021377591336135374, 0.00883737141701537, 0.0, 0.05496178600296085, 0.0, 0.0, 0.0, 0.0, 0.028978079871622806, 0.028978079871622806, 0.0, 0.0, 0.010141823554174907, 0.4152671367694789, 0.06925444823113172, 0.0, 0.0, 0.0, 0.0, 0.0, 0.010406186642436808, 0.016627479144698677, 0.008480954878032916, 0.009437889472033612, 0.009437889472033612, 0.0, 0.0, 0.0, 0.0, 0.0, 0.016961909756065832, 0.00865528783305997, 0.0, 0.0, 0.0, 0.0, 0.0, 0.018875778944067223, 0.12372319983821518, 0.020283647108349814, 0.0, 0.0, 0.04695498048405645, 0.010141823554174907, 0.0, 0.0, 0.03502993551699613, 0.0, 0.0, 0.0, 0.0, 0.01767474283403074, 0.05936095562668433, 0.008153083445275495, 0.007705780632148707, 0.01767474283403074, 0.09329050365836207, 0.0, 0.0, 0.05816014077743293, 0.015411561264297415, 0.052968390209840926, 0.18032247796779394, 0.016961909756065832, 0.01916552342383634, 0.009227781563262124, 0.0, 0.010406186642436808, 0.01731057566611994, 0.009437889472033612, 0.0, 0.0, 0.03261233378110198, 0.035882513704366896, 0.016961909756065832, 0.044186857085076844, 0.09598189537278733, 0.01978698520889478, 0.0, 0.006935479921838228, 0.0, 0.0, 0.0, 0.0]"
https://digitalmarketinginstitute.com/blog/what-is-seo,181,8,31.82,digital|digital marketing|marketing|media|including,"[0.0, 0.21168314847498085, 0.0, 0.0, 0.0, 0.0, 0.0, 0.0, 0.09910704142806231, 0.0, 0.0, 0.0, 0.0, 0.0, 0.0, 0.0, 0.0, 0.13094818608698103, 0.0, 0.2069706220377901, 0.0, 0.0, 0.0, 0.0, 0.0, 0.0, 0.0, 0.0, 0.0, 0.0, 0.0, 0.0, 0.0, 0.0, 0.0, 0.0, 0.26189637217396206, 0.0, 0.0, 0.0, 0.0, 0.0, 0.0, 0.0, 0.0, 0.0, 0.0, 0.0, 0.0, 0.0, 0.0, 0.0, 0.0, 0.0, 0.0, 0.0, 0.0, 0.0, 0.0, 0.0, 0.0, 0.0, 0.0, 0.0, 0.0, 0.0, 0.0, 0.0, 0.0, 0.0, 0.0, 0.0, 0.0, 0.0, 0.0, 0.0, 0.0, 0.0, 0.0, 0.0, 0.0, 0.0, 0.0, 0.0, 0.0, 0.0, 0.0, 0.0, 0.0, 0.0, 0.0, 0.0, 0.0, 0.0, 0.0, 0.5594085118788986, 0.0, 0.0, 0.0, 0.0, 0.0, 0.0, 0.0, 0.0, 0.0, 0.0, 0.0, 0.0, 0.0, 0.0, 0.0, 0.0, 0.1269511391113872, 0.0, 0.0, 0.0, 0.0, 0.28532998335740545, 0.0, 0.0, 0.0, 0.0, 0.0, 0.0, 0.0, 0.0, 0.0, 0.0, 0.0, 0.0, 0.0, 0.0, 0.0, 0.0, 0.0, 0.0, 0.0, 0.0, 0.0, 0.0, 0.0, 0.0, 0.0, 0.0, 0.0, 0.0, 0.0, 0.0, 0.0, 0.0, 0.0, 0.0, 0.0, 0.0, 0.0, 0.0, 0.0, 0.14561438412457145, 0.0, 0.0, 0.0, 0.0, 0.0, 0.0, 0.0, 0.0, 0.0, 0.0, 0.0, 0.0, 0.0, 0.0, 0.0, 0.0, 0.0, 0.0, 0.0, 0.0, 0.0, 0.0, 0.0, 0.09323475197981644, 0.0, 0.0, 0.0, 0.0, 0.0, 0.0, 0.0, 0.0, 0.0, 0.0, 0.0, 0.0, 0.0, 0.0, 0.0, 0.0, 0.1232742123267096, 0.0, 0.3804399778098739, 0.0, 0.20248806849412196, 0.0, 0.0, 0.0, 0.0, 0.0, 0.0, 0.0, 0.0, 0.0, 0.0, 0.08485943541338987, 0.0, 0.0, 0.0, 0.0, 0.0, 0.0, 0.0, 0.09323475197981644, 0.0, 0.0, 0.0, 0.10832526350588202, 0.0, 0.0, 0.0, 0.0, 0.0, 0.0, 0.0, 0.0, 0.0, 0.0, 0.0, 0.0, 0.0, 0.0, 0.0, 0.0, 0.0, 0.0, 0.0, 0.0, 0.0, 0.0, 0.0, 0.0, 0.0, 0.1774181593758111, 0.0, 0.0, 0.0, 0.0, 0.0, 0.0, 0.0, 0.0, 0.0, 0.0, 0.0, 0.0, 0.0, 0.0, 0.0, 0.0, 0.0, 0.0, 0.0, 0.0, 0.0, 0.0, 0.0, 0.0, 0.0, 0.0, 0.0, 0.0, 0.0, 0.0, 0.0, 0.0, 0.0, 0.0, 0.0, 0.0, 0.0, 0.0, 0.14557701471689238, 0.0, 0.0, 0.0, 0.0, 0.0, 0.0, 0.08802876519364745, 0.0, 0.0, 0.0, 0.0, 0.0, 0.1232742123267096, 0.0, 0.0, 0.0, 0.0, 0.0, 0.0, 0.0, 0.0, 0.0, 0.0, 0.0, 0.09510999445246847, 0.0, 0.0, 0.0, 0.0, 0.0, 0.0, 0.0, 0.0, 0.0, 0.10584157423749042, 0.0, 0.0, 0.0, 0.0, 0.0, 0.0, 0.0, 0.0, 0.0, 0.0, 0.0, 0.0, 0.0, 0.0, 0.0, 0.0, 0.0, 0.0, 0.0, 0.0, 0.0, 0.0, 0.0, 0.0, 0.10832526350588202, 0.0, 0.0, 0.0, 0.0, 0.0, 0.0, 0.11095095307744154, 0.0, 0.0, 0.0, 0.0, 0.0, 0.0, 0.0, 0.0, 0.0, 0.0, 0.0, 0.10584157423749042, 0.0, 0.0, 0.0, 0.0, 0.0, 0.0, 0.0, 0.0, 0.0, 0.07777820615456883, 0.0, 0.0, 0.10348531101889505, 0.0]"
https://www.coursera.org/articles/content-strategy,16210,727,51.38,content|audience|strategy|goals|target,"[0.0, 0.0, 0.0, 0.01754712118535592, 0.0, 0.0, 0.012003010248724189, 0.0, 0.0, 0.0, 0.0, 0.0, 0.0, 0.0, 0.0, 0.0, 0.0, 0.0, 0.03509424237071184, 0.010643779559472377, 0.0, 0.0, 0.009782352730909579, 0.0, 0.0, 0.0, 0.0, 0.24606171009884586, 0.0, 0.020054850156290507, 0.0, 0.0, 0.008573127235673493, 0.013581040087554, 0.02465797094723102, 0.0, 0.0, 0.0, 0.018108053450072003, 0.009797515569964478, 0.0, 0.07519741964614832, 0.013092077250217018, 0.0, 0.010413257414287811, 0.0, 0.018493478210423266, 0.0, 0.022283166840322787, 0.0, 0.0, 0.0, 0.0, 0.0, 0.0, 0.024958592454562414, 0.021287559118944754, 0.0, 0.030548180250506374, 0.0, 0.0, 0.0, 0.0, 0.11430434831625226, 0.0, 0.0, 0.8283828891288492, 0.0, 0.0, 0.0, 0.06666171318096961, 0.014384217493061213, 0.0, 0.020386922382814036, 0.04527013362518, 0.0, 0.0, 0.0, 0.0, 0.0, 0.0, 0.0, 0.0, 0.01141164359310886, 0.0, 0.0, 0.012003010248724189, 0.0, 0.0, 0.02535825671207611, 0.07834386887693455, 0.0, 0.0, 0.03744220774065422, 0.0, 0.05274213080789111, 0.010193461191407018, 0.0, 0.0, 0.02282328718621772, 0.0, 0.0, 0.021287559118944754, 0.0, 0.025269366124973304, 0.0, 0.0, 0.0, 0.0, 0.01141164359310886, 0.01141164359310886, 0.007825882184727663, 0.0, 0.0, 0.0, 0.009054026725036001, 0.01169808079023728, 0.0, 0.012679128356038055, 0.012679128356038055, 0.0, 0.010886128411071644, 0.0, 0.0, 0.0, 0.0, 0.0, 0.012679128356038055, 0.009863188378892409, 0.0, 0.021287559118944754, 0.019564705461819158, 0.0, 0.0, 0.009225855360833693, 0.02535825671207611, 0.0, 0.02282328718621772, 0.0, 0.015965669339208566, 0.1639755067990863, 0.0, 0.020386922382814036, 0.0, 0.0557253270318777, 0.013092077250217018, 0.009225855360833693, 0.0, 0.012552807952419745, 0.0, 0.0, 0.0, 0.0, 0.022142052866000864, 0.0, 0.02666468527238785, 0.0, 0.0, 0.0, 0.028529108982772146, 0.0, 0.011799937007372823, 0.0, 0.0, 0.0, 0.0, 0.0, 0.0, 0.016423198458656675, 0.0, 0.0, 0.0, 0.010886128411071644, 0.0, 0.0, 0.0, 0.0, 0.01346841993998653, 0.021057805104144418, 0.010643779559472377, 0.0, 0.0, 0.05327818763744494, 0.02282328718621772, 0.0, 0.0, 0.0, 0.13016571767859766, 0.009589478328707476, 0.0, 0.0, 0.0228335089874764, 0.010413257414287811, 0.0, 0.0, 0.0, 0.0, 0.009404169607458544, 0.012679128356038055, 0.0, 0.039129410923638315, 0.0, 0.041653029657151244, 0.0, 0.0, 0.0, 0.039171934438467275, 0.0, 0.0, 0.0, 0.0, 0.0, 0.0, 0.0, 0.0456670179749528, 0.0, 0.047947391643537375, 0.0, 0.0, 0.0, 0.04186143314370674, 0.019178956657414953, 0.0, 0.0, 0.03264327869872273, 0.011141583420161394, 0.02693683987997306, 0.02282328718621772, 0.0, 0.0, 0.0, 0.0, 0.0, 0.0, 0.038357913314829906, 0.0, 0.0, 0.007825882184727663, 0.0, 0.030580383574221052, 0.09129314874487088, 0.012003010248724189, 0.01141164359310886, 0.050967305957035094, 0.01141164359310886, 0.0, 0.0, 0.0, 0.036009030746172566, 0.009983436981824965, 0.0, 0.0, 0.026609448898680943, 0.0, 0.0, 0.0, 0.0, 0.0, 0.0, 0.0, 0.0, 0.037616678429834176, 0.0, 0.0, 0.0, 0.012679128356038055, 0.0, 0.0, 0.010193461191407018, 0.0, 0.10142563744426765, 0.0, 0.010413257414287811, 0.0, 0.0, 0.0, 0.0, 0.043544513644286575, 0.0, 0.0, 0.0, 0.0, 0.03193133867841713, 0.0, 0.041367287962072244, 0.006988405887277476, 0.0, 0.0, 0.0, 0.0, 0.0, 0.0, 0.0, 0.0, 0.0, 0.0, 0.0, 0.018108053450072003, 0.0, 0.0, 0.0, 0.0, 0.0, 0.03169782089009514, 0.0, 0.0, 0.0, 0.0, 0.0, 0.01671237513024209, 0.0, 0.0, 0.0, 0.0, 0.0, 0.04891176365454789, 0.009589478328707476, 0.0, 0.0, 0.0, 0.0, 0.009589478328707476, 0.028368822919637778, 0.010886128411071644, 0.016329192616607466, 0.2166339553803257, 0.0, 0.036009030746172566, 0.01141164359310886, 0.0, 0.009782352730909579, 0.13477639925463702, 0.05236544207475855, 0.0, 0.010886128411071644, 0.0, 0.0, 0.010886128411071644, 0.0, 0.04679232316094912, 0.0, 0.0, 0.03868585454735908, 0.0, 0.009589478328707476, 0.028768434986122426, 0.047139469789952856, 0.010413257414287811, 0.0, 0.0, 0.01671237513024209, 0.010193461191407018, 0.0, 0.0, 0.10221462687748675, 0.010193461191407018, 0.0, 0.0, 0.0, 0.020125434699736357, 0.0, 0.0, 0.0, 0.0, 0.0, 0.0, 0.043249626506222716, 0.024006020497448377, 0.0, 0.0, 0.0, 0.0, 0.04231876323356345, 0.033110932528317275, 0.009782352730909579, 0.0, 0.009225855360833693, 0.01141164359310886, 0.0, 0.019999313735677746, 0.009054026725036001, 0.0, 0.0, 0.05474399486218891]"
https://www.youtube.com/creators/how-things-work/content-creation-strategy/,753,38,68.3,get|content|help|make|audience,"[0.0, 0.0, 0.0, 0.0, 0.0, 0.0, 0.0, 0.0, 0.04856496659895348, 0.0, 0.0, 0.0, 0.1174785985804048, 0.0, 0.0, 0.0, 0.0, 0.0, 0.0, 0.35497300903024726, 0.0, 0.0, 0.0, 0.0, 0.0, 0.0, 0.0, 0.22874498891802794, 0.0, 0.0, 0.0, 0.0, 0.16338067317116714, 0.04313632996985118, 0.0, 0.0, 0.0, 0.0, 0.04313632996985118, 0.0, 0.0, 0.0, 0.0, 0.0, 0.0, 0.0, 0.1174785985804048, 0.0, 0.05308212946508549, 0.0, 0.0, 0.0, 0.0, 0.0, 0.0, 0.0, 0.0, 0.0, 0.0, 0.0, 0.0, 0.0, 0.04660631209704239, 0.0, 0.0, 0.0, 0.29642489033451425, 0.0, 0.0587392992902024, 0.0, 0.08469282580986122, 0.09137479134715454, 0.0, 0.0, 0.0, 0.0, 0.0, 0.03510746054111268, 0.0, 0.05186505866341929, 0.057186247229506985, 0.0, 0.0, 0.0, 0.0, 0.0, 0.0, 0.0, 0.0, 0.0, 0.0, 0.0, 0.0, 0.0, 0.0, 0.0, 0.0, 0.0, 0.0, 0.05436878402065073, 0.0, 0.04856496659895348, 0.0, 0.0, 0.0, 0.0, 0.0, 0.0, 0.0, 0.0, 0.0, 0.0, 0.0, 0.0, 0.0, 0.0, 0.0, 0.0, 0.0, 0.060407493936790825, 0.057186247229506985, 0.05186505866341929, 0.0, 0.0, 0.0, 0.0, 0.0, 0.0, 0.0, 0.0, 0.050710429861463895, 0.0, 0.0, 0.0, 0.0, 0.060407493936790825, 0.0, 0.0, 0.0, 0.0, 0.0, 0.0, 0.0, 0.05573346404935053, 0.2859161780495425, 0.08316655581831155, 0.0, 0.0, 0.0, 0.0, 0.0, 0.0, 0.0, 0.0, 0.0, 0.0, 0.0, 0.0, 0.0, 0.0, 0.07781225073774482, 0.0, 0.0, 0.0, 0.0, 0.0, 0.0, 0.0, 0.08693940269005296, 0.0, 0.0, 0.09137479134715454, 0.0, 0.0, 0.0, 0.0, 0.0, 0.0, 0.20065247364499655, 0.0, 0.050710429861463895, 0.04568739567357727, 0.1813104467153404, 0.0, 0.0, 0.0, 0.0, 0.09922429467578854, 0.1370621870207318, 0.05186505866341929, 0.0, 0.2538346254014766, 0.04961214733789427, 0.08960904923287923, 0.0, 0.0, 0.0, 0.0, 0.0, 0.0, 0.0, 0.0, 0.0, 0.0, 0.0, 0.0, 0.12441856283478722, 0.04856496659895348, 0.0, 0.0, 0.0641679359193047, 0.0, 0.0, 0.0, 0.0, 0.0, 0.0, 0.0, 0.0, 0.0, 0.1813104467153404, 0.0, 0.0, 0.0, 0.06220928141739361, 0.0, 0.0, 0.05436878402065073, 0.0, 0.0, 0.0, 0.0, 0.0, 0.0, 0.0, 0.04961214733789427, 0.0, 0.0, 0.0, 0.0, 0.0, 0.0, 0.0, 0.0, 0.0, 0.0587392992902024, 0.0, 0.0, 0.0, 0.0, 0.0, 0.0, 0.050710429861463895, 0.0, 0.0, 0.0, 0.0, 0.0, 0.0, 0.0, 0.0, 0.0, 0.0, 0.0, 0.0, 0.0, 0.05573346404935053, 0.0, 0.0, 0.0, 0.0, 0.0, 0.0, 0.0, 0.0, 0.0, 0.0, 0.0, 0.09922429467578854, 0.0, 0.0, 0.0, 0.0, 0.0, 0.0, 0.0, 0.0, 0.0, 0.0, 0.0, 0.1426728667394035, 0.0, 0.0, 0.0587392992902024, 0.0, 0.06631339918181511, 0.0, 0.08627265993970236, 0.0, 0.0, 0.0, 0.0, 0.0, 0.0, 0.0, 0.0, 0.0, 0.04660631209704239, 0.0, 0.0, 0.0, 0.0, 0.0, 0.0, 0.0, 0.0, 0.0, 0.0, 0.0, 0.0, 0.0, 0.0, 0.09321262419408478, 0.0, 0.0, 0.0, 0.0, 0.057186247229506985, 0.0, 0.0, 0.0, 0.0, 0.0, 0.0, 0.0, 0.0, 0.0, 0.0, 0.0, 0.0, 0.0, 0.0, 0.1105872008731395, 0.0, 0.0, 0.09137479134715454, 0.0, 0.04961214733789427, 0.0, 0.04856496659895348, 0.0, 0.04856496659895348, 0.0, 0.04480452461643961, 0.04234641290493061, 0.0, 0.09321262419408478, 0.05436878402065073, 0.0, 0.03196137359133867, 0.0, 0.0, 0.0, 0.0, 0.07021492108222536, 0.050710429861463895, 0.0, 0.0, 0.28538605747013934, 0.05186505866341929, 0.0, 0.0, 0.08960904923287923, 0.0788756292932907, 0.09321262419408478, 0.0, 0.0, 0.0, 0.0, 0.038113295781964554, 0.0, 0.0, 0.0, 0.17387880538010592]"
https://digitalmarketinginstitute.com/blog/what-are-the-most-effective-digital-marketing-strategies,61,3,51.18,digital|content|digital marketing|marketing|find,"[0.0, 0.5159925212894205, 0.0, 0.0, 0.0, 0.0, 0.0, 0.0, 0.0, 0.0, 0.0, 0.0, 0.0, 0.0, 0.0, 0.0, 0.0, 0.0, 0.0, 0.0, 0.0, 0.0, 0.0, 0.0, 0.0, 0.0, 0.0, 0.0, 0.0, 0.0, 0.0, 0.0, 0.0, 0.0, 0.0, 0.0, 0.31919538793747465, 0.0, 0.0, 0.0, 0.0, 0.0, 0.0, 0.0, 0.0, 0.0, 0.0, 0.0, 0.0, 0.0, 0.0, 0.0, 0.0, 0.0, 0.0, 0.0, 0.0, 0.0, 0.0, 0.0, 0.0, 0.0, 0.0, 0.0, 0.0, 0.0, 0.421293890828841, 0.0, 0.0, 0.0, 0.0, 0.0, 0.0, 0.0, 0.0, 0.0, 0.0, 0.0, 0.0, 0.0, 0.0, 0.0, 0.0, 0.0, 0.0, 0.0, 0.0, 0.0, 0.0, 0.0, 0.0, 0.0, 0.0, 0.0, 0.0, 0.454532494366648, 0.0, 0.0, 0.0, 0.0, 0.0, 0.0, 0.0, 0.0, 0.0, 0.0, 0.0, 0.0, 0.0, 0.0, 0.0, 0.0, 0.0, 0.0, 0.0, 0.0, 0.0, 0.0, 0.0, 0.0, 0.0, 0.0, 0.0, 0.0, 0.0, 0.0, 0.0, 0.0, 0.0, 0.0, 0.0, 0.0, 0.0, 0.0, 0.0, 0.0, 0.0, 0.0, 0.0, 0.0, 0.0, 0.0, 0.0, 0.0, 0.0, 0.0, 0.0, 0.0, 0.0, 0.0, 0.0, 0.0, 0.25799626064471026, 0.0, 0.0, 0.0, 0.0, 0.0, 0.0, 0.0, 0.0, 0.0, 0.0, 0.0, 0.0, 0.0, 0.0, 0.0, 0.0, 0.0, 0.0, 0.0, 0.0, 0.0, 0.0, 0.0, 0.0, 0.0, 0.0, 0.0, 0.0, 0.0, 0.0, 0.0, 0.0, 0.0, 0.0, 0.0, 0.0, 0.0, 0.0, 0.0, 0.0, 0.0, 0.0, 0.0, 0.0, 0.0, 0.0, 0.0, 0.2318372822348321, 0.0, 0.0, 0.0, 0.0, 0.0, 0.0, 0.0, 0.0, 0.0, 0.0, 0.0, 0.0, 0.0, 0.0, 0.0, 0.0, 0.0, 0.0, 0.0, 0.0, 0.0, 0.0, 0.0, 0.0, 0.0, 0.0, 0.0, 0.0, 0.0, 0.0, 0.0, 0.0, 0.0, 0.0, 0.0, 0.0, 0.0, 0.0, 0.0, 0.0, 0.0, 0.0, 0.0, 0.0, 0.0, 0.0, 0.0, 0.0, 0.0, 0.0, 0.0, 0.0, 0.0, 0.0, 0.0, 0.0, 0.0, 0.0, 0.0, 0.0, 0.0, 0.0, 0.0, 0.0, 0.0, 0.0, 0.0, 0.0, 0.0, 0.0, 0.0, 0.0, 0.0, 0.0, 0.0, 0.0, 0.0, 0.0, 0.0, 0.0, 0.0, 0.0, 0.0, 0.0, 0.0, 0.0, 0.0, 0.0, 0.0, 0.0, 0.0, 0.0, 0.0, 0.0, 0.0, 0.0, 0.0, 0.0, 0.0, 0.0, 0.0, 0.0, 0.0, 0.0, 0.0, 0.0, 0.0, 0.0, 0.0, 0.0, 0.0, 0.0, 0.0, 0.0, 0.0, 0.0, 0.0, 0.0, 0.0, 0.0, 0.0, 0.0, 0.0, 0.0, 0.0, 0.0, 0.0, 0.0, 0.0, 0.0, 0.0, 0.0, 0.0, 0.0, 0.0, 0.24678943445905846, 0.0, 0.0, 0.0, 0.0, 0.0, 0.0, 0.0, 0.0, 0.0, 0.0, 0.0, 0.0, 0.0, 0.0, 0.0, 0.0, 0.0, 0.0, 0.0, 0.0, 0.0, 0.0, 0.0, 0.0, 0.0, 0.0, 0.0, 0.0, 0.0, 0.0, 0.0, 0.0, 0.25799626064471026, 0.0, 0.0, 0.0, 0.0, 0.0, 0.0, 0.0, 0.0, 0.0, 0.0, 0.0, 0.0, 0.0, 0.0]"
https://emotive.io/blog/11-essential-digital-marketing-tips,13,1,16.35,digital marketing|marketing|digital,"[0.0, 0.0, 0.0, 0.0, 0.0, 0.0, 0.0, 0.0, 0.0, 0.0, 0.0, 0.0, 0.0, 0.0, 0.0, 0.0, 0.0, 0.0, 0.0, 0.0, 0.0, 0.0, 0.0, 0.0, 0.0, 0.0, 0.0, 0.0, 0.0, 0.0, 0.0, 0.0, 0.0, 0.0, 0.0, 0.0, 0.0, 0.0, 0.0, 0.0, 0.0, 0.0, 0.0, 0.0, 0.0, 0.0, 0.0, 0.0, 0.0, 0.0, 0.0, 0.0, 0.0, 0.0, 0.0, 0.0, 0.0, 0.0, 0.0, 0.0, 0.0, 0.0, 0.0, 0.0, 0.0, 0.0, 0.0, 0.0, 0.0, 0.0, 0.0, 0.0, 0.0, 0.0, 0.0, 0.0, 0.0, 0.0, 0.0, 0.0, 0.0, 0.0, 0.0, 0.0, 0.0, 0.0, 0.0, 0.0, 0.0, 0.0, 0.0, 0.0, 0.0, 0.0, 0.0, 0.700031821117717, 0.0, 0.0, 0.0, 0.0, 0.0, 0.0, 0.0, 0.0, 0.0, 0.0, 0.0, 0.0, 0.0, 0.0, 0.0, 0.0, 0.0, 0.0, 0.0, 0.0, 0.0, 0.0, 0.0, 0.0, 0.0, 0.0, 0.0, 0.0, 0.0, 0.0, 0.0, 0.0, 0.0, 0.0, 0.0, 0.0, 0.0, 0.0, 0.0, 0.0, 0.0, 0.0, 0.0, 0.0, 0.0, 0.0, 0.0, 0.0, 0.0, 0.0, 0.0, 0.0, 0.0, 0.0, 0.0, 0.0, 0.0, 0.0, 0.0, 0.0, 0.0, 0.0, 0.0, 0.0, 0.0, 0.0, 0.0, 0.0, 0.0, 0.0, 0.0, 0.0, 0.0, 0.0, 0.0, 0.0, 0.0, 0.0, 0.0, 0.0, 0.0, 0.0, 0.0, 0.0, 0.0, 0.0, 0.0, 0.0, 0.0, 0.0, 0.0, 0.0, 0.0, 0.0, 0.0, 0.0, 0.0, 0.0, 0.0, 0.0, 0.0, 0.0, 0.0, 0.0, 0.7141116505299524, 0.0, 0.0, 0.0, 0.0, 0.0, 0.0, 0.0, 0.0, 0.0, 0.0, 0.0, 0.0, 0.0, 0.0, 0.0, 0.0, 0.0, 0.0, 0.0, 0.0, 0.0, 0.0, 0.0, 0.0, 0.0, 0.0, 0.0, 0.0, 0.0, 0.0, 0.0, 0.0, 0.0, 0.0, 0.0, 0.0, 0.0, 0.0, 0.0, 0.0, 0.0, 0.0, 0.0, 0.0, 0.0, 0.0, 0.0, 0.0, 0.0, 0.0, 0.0, 0.0, 0.0, 0.0, 0.0, 0.0, 0.0, 0.0, 0.0, 0.0, 0.0, 0.0, 0.0, 0.0, 0.0, 0.0, 0.0, 0.0, 0.0, 0.0, 0.0, 0.0, 0.0, 0.0, 0.0, 0.0, 0.0, 0.0, 0.0, 0.0, 0.0, 0.0, 0.0, 0.0, 0.0, 0.0, 0.0, 0.0, 0.0, 0.0, 0.0, 0.0, 0.0, 0.0, 0.0, 0.0, 0.0, 0.0, 0.0, 0.0, 0.0, 0.0, 0.0, 0.0, 0.0, 0.0, 0.0, 0.0, 0.0, 0.0, 0.0, 0.0, 0.0, 0.0, 0.0, 0.0, 0.0, 0.0, 0.0, 0.0, 0.0, 0.0, 0.0, 0.0, 0.0, 0.0, 0.0, 0.0, 0.0, 0.0, 0.0, 0.0, 0.0, 0.0, 0.0, 0.0, 0.0, 0.0, 0.0, 0.0, 0.0, 0.0, 0.0, 0.0, 0.0, 0.0, 0.0, 0.0, 0.0, 0.0, 0.0, 0.0, 0.0, 0.0, 0.0, 0.0, 0.0, 0.0, 0.0, 0.0, 0.0, 0.0, 0.0, 0.0, 0.0, 0.0, 0.0, 0.0, 0.0, 0.0, 0.0, 0.0, 0.0, 0.0, 0.0, 0.0, 0.0, 0.0, 0.0, 0.0, 0.0, 0.0, 0.0]"
https://www.forbes.com/advisor/business/what-is-digital-marketing/,21413,1056,43.93,marketing|digital marketing|digital|email|seo,"[0.0, 0.0, 0.0, 0.0, 0.005354812257095902, 0.0, 0.021694041827535215, 0.059421877459807634, 0.011514683029057527, 0.08114199673645303, 0.011786974818177393, 0.0, 0.0, 0.0, 0.0, 0.0, 0.012824927201952047, 0.008114199673645302, 0.007047639125700935, 0.012824927201952047, 0.0, 0.006273582965863714, 0.005893487409088696, 0.0, 0.0, 0.0, 0.0, 0.050619430930915504, 0.0, 0.0, 0.03188376264879929, 0.005258311884363784, 0.02711612418315553, 0.010909398581989334, 0.0, 0.014855469364951909, 0.0, 0.0983955819205127, 0.0, 0.006558469367154788, 0.0, 0.08193190402658584, 0.07361636638109298, 0.007427734682475954, 0.0, 0.007427734682475954, 0.04456640809485572, 0.006273582965863714, 0.01342474216791549, 0.0, 0.0, 0.012547165931727429, 0.008685406475439032, 0.0, 0.0, 0.00601463285676728, 0.0064124636009760235, 0.0, 0.005258311884363784, 0.0, 0.008626176578062607, 0.0072313472758450716, 0.0, 0.006558469367154788, 0.016228399347290604, 0.04735854121520667, 0.09504791756345225, 0.0, 0.04270947442423673, 0.04192749496228656, 0.02141924902838361, 0.011554576152502225, 0.0, 0.018423492846492043, 0.010909398581989334, 0.0, 0.0, 0.004439428209494736, 0.0, 0.013116938734309577, 0.0, 0.0072313472758450716, 0.0, 0.013750143688949012, 0.018801540147914485, 0.0, 0.0, 0.0, 0.0, 0.0, 0.034416037252493675, 0.0, 0.019890520005674348, 0.009022990111194288, 0.0, 0.44846198691899253, 0.0, 0.012824927201952047, 0.023203367475101457, 0.0, 0.0, 0.012282328564328029, 0.04729191905719817, 0.03245679869458121, 0.15477541389369928, 0.0072313472758450716, 0.0, 0.0, 0.0, 0.027500287377898024, 0.013750143688949012, 0.005893487409088696, 0.0, 0.0, 0.0, 0.005454699290994667, 0.007047639125700935, 0.009576917039769131, 0.01527736432738134, 0.0, 0.0072313472758450716, 0.006558469367154788, 0.0, 0.0, 0.0, 0.0, 0.0, 0.0, 0.0, 0.0, 0.0, 0.0, 0.006558469367154788, 0.0, 0.02223287746938202, 0.0, 0.009690503797838786, 0.023203367475101457, 0.0, 0.0064124636009760235, 0.05199414277733168, 0.006273582965863714, 0.05527047853947613, 0.0, 0.005164976034886768, 0.0, 0.02223287746938202, 0.0, 0.006875071844474506, 0.0, 0.0064124636009760235, 0.0, 0.0, 0.01111643873469101, 0.0, 0.016064436771287705, 0.0, 0.046806761201820375, 0.0, 0.0, 0.0, 0.01895734276990583, 0.0, 0.0, 0.00601463285676728, 0.0, 0.0, 0.031677494823851744, 0.0, 0.0, 0.02141924902838361, 0.0, 0.0, 0.0, 0.00601463285676728, 0.0, 0.0, 0.0, 0.010149207468439296, 0.0064124636009760235, 0.0, 0.0, 0.0, 0.013750143688949012, 0.0, 0.0, 0.0, 0.05097286159764268, 0.005777288076251112, 0.0, 0.0, 0.004585433975673502, 0.0, 0.0, 0.0, 0.0, 0.01923739080292807, 0.013455911083997286, 0.03055472865476268, 0.028301059099543426, 0.7514196446588087, 0.0, 0.12233486783434244, 0.006712371083957745, 0.006875071844474506, 0.012824927201952047, 0.007866522800569983, 0.05527047853947613, 0.0, 0.0, 0.008114199673645302, 0.0, 0.0, 0.0, 0.054452028461122834, 0.012297130063415228, 0.005777288076251112, 0.011554576152502225, 0.0, 0.0, 0.009170867951347004, 0.011554576152502225, 0.018820748897591142, 0.038737320261650755, 0.02359956840170995, 0.006712371083957745, 0.0, 0.0, 0.0, 0.0, 0.0, 0.007047639125700935, 0.0, 0.008114199673645302, 0.011554576152502225, 0.006273582965863714, 0.0, 0.0, 0.0, 0.0061411642821640145, 0.013750143688949012, 0.0072313472758450716, 0.03437535922237253, 0.0414528589046071, 0.0, 0.0, 0.040274226503746464, 0.0016780927709894363, 0.0, 0.01804389857030184, 0.0, 0.12505345021104744, 0.012824927201952047, 0.0, 0.0, 0.017626443888669827, 0.0, 0.0, 0.0, 0.0, 0.01202926571353456, 0.005665646772209383, 0.0, 0.013750143688949012, 0.03079017047830144, 0.021006375950149342, 0.0, 0.0, 0.0, 0.0, 0.0, 0.01527736432738134, 0.0, 0.0, 0.0, 0.0, 0.03819341081845335, 0.0, 0.0, 0.006875071844474506, 0.0, 0.0, 0.0064124636009760235, 0.0, 0.013116938734309577, 0.0, 0.0, 0.0, 0.0, 0.05129970880780819, 0.0, 0.0, 0.0061411642821640145, 0.0, 0.04881159411195424, 0.0, 0.0, 0.04363759432795734, 0.0, 0.0, 0.0, 0.013049974099598533, 0.0, 0.14895430219196806, 0.0, 0.005164976034886768, 0.04906727233142429, 0.01768046222726609, 0.006712371083957745, 0.006712371083957745, 0.0, 0.008114199673645302, 0.0, 0.013116938734309577, 0.013750143688949012, 0.1480738711533535, 0.06860529590548196, 0.0, 0.0, 0.007866522800569983, 0.0, 0.017331864228753335, 0.008103545187496957, 0.006558469367154788, 0.019675408101464363, 0.041810242215611776, 0.0, 0.021694041827535215, 0.0, 0.0, 0.0, 0.03608779714060368, 0.0, 0.0, 0.02213483411414741, 0.028925389103380286, 0.0, 0.0, 0.024564657128656058, 0.0, 0.0, 0.0, 0.00932268966193772, 0.0, 0.005777288076251112, 0.025275635333598615, 0.0, 0.006273582965863714, 0.016996940316628153, 0.03070582141082007, 0.02349329879385211, 0.0, 0.0, 0.005665646772209383, 0.02141924902838361, 0.0061411642821640145, 0.011786974818177393, 0.006875071844474506, 0.0, 0.022733985742233703, 0.012717679110602767, 0.0, 0.02891714259761853, 0.02210057778408261, 0.009988713471363157, 0.0064124636009760235, 0.0, 0.0072313472758450716, 0.0, 0.001639617341788697, 0.0, 0.0, 0.03965952740546569, 0.00997402513110355, 0.027994065193171307, 0.0061411642821640145, 0.061140413040800555, 0.020625215533423516, 0.0, 0.01927809506507902, 0.010909398581989334, 0.010503187975074671, 0.0, 0.0]"
https://blog.hubspot.com/marketing/what-is-digital-marketing,21,1,84.0,,"[0.0, 0.0, 0.0, 0.0, 0.0, 0.0, 0.0, 0.0, 0.0, 0.0, 0.0, 0.0, 0.0, 0.0, 0.0, 0.0, 0.0, 0.0, 0.0, 0.0, 0.0, 0.0, 0.0, 0.0, 0.0, 0.0, 0.0, 0.0, 0.0, 0.0, 0.0, 0.0, 0.0, 0.0, 0.0, 0.0, 0.0, 0.0, 0.0, 0.0, 0.0, 0.0, 0.0, 0.0, 0.0, 0.0, 0.0, 0.0, 0.0, 0.0, 0.0, 0.0, 0.0, 0.0, 0.0, 0.0, 0.0, 0.0, 0.0, 0.0, 0.0, 0.0, 0.0, 0.0, 0.0, 0.0, 0.0, 0.0, 0.0, 0.0, 0.0, 0.0, 0.0, 0.0, 0.0, 0.0, 0.0, 0.0, 0.0, 0.0, 0.0, 0.0, 0.0, 0.0, 0.0, 0.0, 0.0, 0.0, 0.0, 0.0, 0.0, 0.0, 0.0, 0.0, 0.0, 0.0, 0.0, 0.0, 0.0, 0.0, 0.0, 0.0, 0.0, 0.0, 0.0, 0.0, 0.0, 0.0, 0.0, 0.0, 0.0, 0.0, 0.0, 0.0, 0.0, 0.0, 0.0, 0.0, 0.0, 0.0, 0.0, 0.0, 0.0, 0.0, 0.0, 0.0, 0.0, 0.0, 0.0, 0.0, 0.0, 0.0, 0.0, 0.0, 0.0, 0.0, 0.0, 0.0, 0.0, 0.0, 0.0, 0.0, 0.0, 0.0, 0.0, 0.0, 0.0, 0.0, 0.0, 0.0, 0.0, 0.0, 0.0, 0.0, 0.0, 0.0, 0.0, 0.0, 0.0, 0.0, 0.0, 0.0, 0.0, 0.0, 0.0, 0.0, 0.0, 0.0, 0.0, 0.0, 0.0, 0.0, 0.0, 0.0, 0.0, 0.0, 0.0, 0.0, 0.0, 0.0, 0.0, 0.0, 0.0, 0.0, 0.0, 0.0, 0.0, 0.0, 0.0, 0.0, 0.0, 0.0, 0.0, 0.0, 0.0, 0.0, 0.0, 0.0, 0.0, 0.0, 0.0, 0.0, 0.0, 0.0, 0.0, 0.0, 0.0, 0.0, 0.0, 0.0, 0.0, 0.0, 0.0, 0.0, 0.0, 0.0, 0.0, 0.0, 0.0, 0.0, 0.0, 0.0, 0.0, 0.0, 0.0, 0.0, 0.0, 0.0, 0.0, 0.0, 0.0, 0.0, 0.0, 0.0, 0.0, 0.0, 0.0, 0.0, 0.0, 0.0, 0.0, 0.0, 0.0, 0.0, 0.0, 0.0, 0.0, 0.0, 0.0, 0.0, 0.0, 0.0, 0.0, 0.0, 0.0, 0.0, 0.0, 0.0, 0.0, 0.0, 0.0, 0.0, 0.0, 0.0, 0.0, 0.0, 0.0, 0.0, 0.0, 0.0, 0.0, 0.0, 0.0, 0.0, 0.0, 0.0, 0.0, 0.0, 0.0, 0.0, 0.0, 0.0, 0.0, 0.0, 0.0, 0.0, 0.0, 0.0, 0.0, 0.0, 0.0, 0.0, 0.0, 0.0, 0.0, 0.0, 0.0, 0.0, 0.0, 0.0, 0.0, 0.0, 0.0, 0.0, 0.0, 0.0, 0.0, 0.0, 0.0, 0.0, 0.0, 0.0, 0.0, 0.0, 0.0, 0.0, 0.0, 0.0, 0.0, 0.0, 0.0, 0.0, 0.0, 0.0, 0.0, 0.0, 0.0, 0.0, 0.0, 0.0, 0.0, 0.0, 0.0, 0.0, 0.0, 0.0, 0.0, 0.0, 0.0, 0.0, 0.0, 0.0, 0.0, 0.0, 0.0, 0.0, 0.0, 0.0, 0.0, 0.0, 0.0, 0.0, 0.0, 0.0, 0.0, 0.0, 0.0, 0.0, 0.0, 0.0, 0.0, 0.0, 0.0, 0.0, 0.0, 0.0, 0.0, 0.0, 0.0, 0.0, 0.0, 0.0, 0.0, 0.0, 0.0, 0.0, 0.0, 0.0, 0.0, 0.0, 0.0, 0.0, 0.0, 0.0]"
https://mailchimp.com/marketing-glossary/content-marketing/,1296,74,62.17,content|content marketing|marketing|media|best,"[0.0, 0.01755383117953396, 0.0, 0.0, 0.0, 0.0, 0.0, 0.019880431448765952, 0.0, 0.0, 0.015773998054477812, 0.0, 0.0, 0.0, 0.0, 0.0, 0.0, 0.0, 0.0, 0.0, 0.0, 0.0, 0.015773998054477812, 0.02105485372893732, 0.0, 0.0, 0.0, 0.13548358545598418, 0.0, 0.0, 0.05389725356297394, 0.014073942247823948, 0.138241275955023, 0.0, 0.039760862897531904, 0.05964129434629785, 0.0, 0.026335709403396825, 0.014599575774306444, 0.0, 0.0, 0.09029663977356805, 0.028147884495647896, 0.0, 0.033582657814973216, 0.0, 0.0, 0.016791328907486608, 0.05389725356297394, 0.0, 0.0, 0.0, 0.0, 0.0, 0.0, 0.0, 0.0, 0.015164179535594952, 0.04222182674347185, 0.0, 0.0, 0.0, 0.0, 0.0, 0.0, 0.0, 0.7596080198201429, 0.0, 0.0, 0.0, 0.08599336073435582, 0.09277793389469655, 0.0, 0.0, 0.08759745464583867, 0.0, 0.0, 0.011882189114643782, 0.0, 0.0, 0.0, 0.0, 0.0, 0.0, 0.0, 0.0, 0.0, 0.0, 0.0, 0.020445035210054457, 0.02105485372893732, 0.0, 0.0, 0.012075076994315611, 0.0, 0.0, 0.03287381705090054, 0.01716304478910329, 0.03680244390847189, 0.0, 0.0, 0.04931072557635081, 0.03432608957820658, 0.021717764199909777, 0.027164489842595296, 0.019354797922283454, 0.0, 0.0, 0.0, 0.03680244390847189, 0.03680244390847189, 0.0, 0.0, 0.0, 0.0, 0.014599575774306444, 0.056589301787271465, 0.0, 0.0, 0.0, 0.0, 0.0, 0.0, 0.0, 0.0, 0.0, 0.03287381705090054, 0.0, 0.0, 0.0, 0.03432608957820658, 0.015773998054477812, 0.0, 0.0, 0.0, 0.0, 0.0, 0.0, 0.0, 0.0, 0.0, 0.033582657814973216, 0.0, 0.018863100595757156, 0.0552965103820092, 0.0, 0.014876648646378637, 0.0, 0.0, 0.0, 0.01716304478910329, 0.0, 0.0, 0.07438324323189319, 0.0, 0.028664453578118605, 0.03287381705090054, 0.012075076994315611, 0.0, 0.0, 0.0, 0.012684895513198473, 0.0, 0.0, 0.0, 0.0, 0.0, 0.0, 0.0, 0.029199151548612887, 0.014332226789059302, 0.04638896694734827, 0.01755383117953396, 0.0, 0.0, 0.0, 0.0, 0.043435528399819553, 0.013582244921297648, 0.0, 0.03432608957820658, 0.015462988982449424, 0.012272975505074455, 0.03680244390847189, 0.0, 0.01796575118765798, 0.0, 0.06716531562994643, 0.03092597796489885, 0.01755383117953396, 0.0, 0.04909190202029782, 0.050373986722459824, 0.015164179535594952, 0.0, 0.0, 0.0, 0.015164179535594952, 0.0, 0.0, 0.3785759533074675, 0.0, 0.15112196016737947, 0.01796575118765798, 0.0, 0.0, 0.0, 0.0, 0.0, 0.0, 0.0, 0.0, 0.0, 0.0, 0.02454595101014891, 0.0, 0.015462988982449424, 0.0, 0.0, 0.0, 0.0, 0.0, 0.016791328907486608, 0.0138241275955023, 0.0, 0.01796575118765798, 0.0, 0.0, 0.0, 0.0, 0.0, 0.018863100595757156, 0.0, 0.0, 0.0618519559297977, 0.0, 0.0, 0.0, 0.0, 0.01643690852545027, 0.03680244390847189, 0.0, 0.0, 0.01643690852545027, 0.0, 0.019880431448765952, 0.0, 0.0, 0.05806439376685036, 0.016098245469182364, 0.0, 0.0, 0.01716304478910329, 0.0, 0.0, 0.0, 0.0, 0.0, 0.0, 0.0, 0.016098245469182364, 0.030328359071189904, 0.0, 0.05520366586270784, 0.014332226789059302, 0.0, 0.0, 0.0, 0.0, 0.01643690852545027, 0.0, 0.020445035210054457, 0.033582657814973216, 0.0, 0.0, 0.0, 0.0, 0.01755383117953396, 0.0, 0.0, 0.0, 0.0, 0.05148913436730987, 0.0, 0.01755383117953396, 0.03219649093836473, 0.0, 0.0, 0.0, 0.0, 0.0, 0.1261919844358225, 0.0, 0.0, 0.1741931813005511, 0.0, 0.0, 0.058398303097225775, 0.0, 0.0, 0.0, 0.01643690852545027, 0.0, 0.06133510563016337, 0.0, 0.0138241275955023, 0.0138241275955023, 0.0, 0.03593150237531596, 0.0, 0.0, 0.0, 0.0, 0.01755383117953396, 0.0, 0.11041798638134469, 0.0, 0.0, 0.0, 0.02105485372893732, 0.0, 0.0, 0.015773998054477812, 0.0, 0.0, 0.08776915589766979, 0.0, 0.05806439376685036, 0.018401221954235946, 0.0, 0.0, 0.016098245469182364, 0.0, 0.0, 0.0, 0.0, 0.0, 0.03510766235906792, 0.0, 0.0, 0.0, 0.0, 0.04990460770752547, 0.0, 0.0, 0.03092597796489885, 0.0, 0.016791328907486608, 0.0, 0.0, 0.0, 0.01643690852545027, 0.0, 0.015164179535594952, 0.014332226789059302, 0.0, 0.0, 0.0, 0.0, 0.06490433876833712, 0.014332226789059302, 0.014073942247823948, 0.0, 0.0, 0.011882189114643782, 0.01716304478910329, 0.023246606862117488, 0.0, 0.03219649093836473, 0.0, 0.0, 0.0, 0.015164179535594952, 0.026695611968341852, 0.031547996108955624, 0.0, 0.014876648646378637, 0.0, 0.0, 0.03869855990295774, 0.0, 0.0, 0.0, 0.0]"
https://sproutsocial.com/insights/social-media-marketing-strategy/,8568,387,49.55,social|media|social media|marketing|content,"[0.010611707603613687, 0.04775268421626158, 0.0, 0.022806384084758005, 0.0043320856409823985, 0.0, 0.011700434747131628, 0.012018192690263258, 0.0024841253370202184, 0.009846677961776016, 0.030991207759253084, 0.0, 0.006009096345131629, 0.0028507980105947506, 0.0, 0.009013644517697443, 0.0129693349436756, 0.0, 0.019955586074163256, 0.0129693349436756, 0.0, 0.0, 0.016687573408828583, 0.0031820397086425377, 0.0, 0.0, 0.0, 0.10822902141096756, 0.0, 0.010860723025807484, 0.016291084538711226, 0.02127008036544453, 0.014624773203738962, 0.01544513265629152, 0.0, 0.19529563121677793, 0.11159568356679486, 0.0, 0.03750960787956512, 0.005305853801806843, 0.00518773397747024, 0.06823307751637053, 0.017016064292355623, 0.0, 0.007613067661125442, 0.006009096345131629, 0.015022740862829072, 0.012688446101875736, 0.002715180756451871, 0.0, 0.0, 0.0025376892203751475, 0.0, 0.0, 0.0, 0.0, 0.00518773397747024, 0.004583553232187011, 0.01488905625581117, 0.0, 0.0, 0.0, 0.011919695292020416, 0.013264634504517108, 0.06892674573243213, 0.0, 0.17761551128027833, 0.0, 0.0030045481725658146, 0.0, 0.012996256922947196, 0.0070108079006264675, 0.00518773397747024, 0.08197613612166721, 0.05074829301352928, 0.0, 0.0, 0.06285182184738329, 0.0, 0.013264634504517108, 0.00877532606034872, 0.014625543433914534, 0.0031820397086425377, 0.011123975440484607, 0.0, 0.0, 0.0, 0.0, 0.0, 0.009269631798995879, 0.006364079417285075, 0.0, 0.0, 0.014599341311222706, 0.0, 0.0070108079006264675, 0.01490475202212131, 0.02853253687608632, 0.022247950880969213, 0.0027809938601211517, 0.010860723025807484, 0.012420626685101091, 0.01815706892114584, 0.039386711847104065, 0.006158092081068889, 0.0, 0.0, 0.0, 0.0, 0.005561987720242303, 0.0, 0.033375146817657166, 0.0, 0.0027809938601211517, 0.0, 0.039716055401892485, 0.008552394031784252, 0.011919695292020416, 0.0, 0.009269631798995879, 0.005850217373565814, 0.0026529269009034216, 0.0, 0.0, 0.0, 0.0, 0.004968250674040437, 0.006179754532663919, 0.0030045481725658146, 0.0, 0.02075093590988096, 0.00715181717521225, 0.013264634504517108, 0.0, 0.008993287217044815, 0.012359509065327838, 0.0, 0.005561987720242303, 0.0, 0.0129693349436756, 0.057086415278750476, 0.005075378440750295, 0.007452376011060655, 0.014253990052973751, 0.03760655966675733, 0.023397088401988984, 0.0067449654127836114, 0.005850217373565814, 0.011123975440484607, 0.005701596021189501, 0.00778160096620536, 0.0, 0.026529269009034216, 0.04046979247670166, 0.009936501348080874, 0.0021660428204911993, 0.004968250674040437, 0.0018249176639028382, 0.0, 0.011123975440484607, 0.0, 0.0019170801062134166, 0.0030898772663319595, 0.0, 0.004865885746051064, 0.0, 0.002715180756451871, 0.0, 0.0, 0.022064475223273605, 0.02599251384589439, 0.021032423701879403, 0.0, 0.0, 0.002432942873025532, 0.0, 0.02047576080748035, 0.02625780789806938, 0.006158092081068889, 0.00259386698873512, 0.00259386698873512, 0.011684679834377447, 0.03153204626130445, 0.0027809938601211517, 0.006364079417285075, 0.008145542269355613, 0.0, 0.02030151376300118, 0.009347743867501958, 0.013264634504517108, 0.0, 0.016693436255984708, 0.007613067661125442, 0.016042436312654538, 0.0, 0.0, 0.00778160096620536, 0.020625989544841548, 0.012359509065327838, 0.040703611667682896, 0.25031360113242873, 0.01668596316072691, 0.45932174888790167, 0.002715180756451871, 0.011123975440484607, 0.0, 0.03818447650371045, 0.0024841253370202184, 0.0, 0.0, 0.0, 0.010539844220070975, 0.0, 0.006381024109633359, 0.04637065626662419, 0.005305853801806843, 0.004673871933750979, 0.018695487735003916, 0.024436626808066835, 0.0, 0.025967567509309546, 0.0023369359668754894, 0.0, 0.012535519888919109, 0.01272815883457015, 0.002715180756451871, 0.016411129936293366, 0.0027809938601211517, 0.013575903782259355, 0.002715180756451871, 0.005561987720242303, 0.0028507980105947506, 0.0, 0.0, 0.021032423701879403, 0.02030151376300118, 0.0, 0.00715181717521225, 0.0, 0.004968250674040437, 0.025028944741090367, 0.0, 0.04171490790181728, 0.03229362938126284, 0.005561987720242303, 0.0, 0.010860723025807484, 0.002715180756451871, 0.023400869494263257, 0.007298828619076596, 0.011700434747131628, 0.0, 0.00259386698873512, 0.0, 0.006783935277947148, 0.0, 0.0, 0.0, 0.0, 0.0, 0.0, 0.0068753298482805165, 0.0, 0.01668596316072691, 0.010830214102455996, 0.0, 0.0, 0.0, 0.007452376011060655, 0.009936501348080874, 0.003802648822804269, 0.012359509065327838, 0.0, 0.00877532606034872, 0.0028507980105947506, 0.0, 0.006179754532663919, 0.03183512281084106, 0.017763824542626032, 0.0, 0.0, 0.0, 0.00778160096620536, 0.002925108686782907, 0.007958780702710265, 0.014597657238153192, 0.009546119125927613, 0.002925108686782907, 0.0, 0.01815706892114584, 0.010946695982499614, 0.026223329642444917, 0.0, 0.0, 0.02047576080748035, 0.003391967638973574, 0.0, 0.013238685133964161, 0.0, 0.0, 0.006009096345131629, 0.0024841253370202184, 0.0, 0.0030898772663319595, 0.0, 0.02716029309265807, 0.0020892533148198517, 0.011919695292020416, 0.019006265295163097, 0.002715180756451871, 0.005305853801806843, 0.0, 0.0, 0.005305853801806843, 0.0, 0.7127977784628209, 0.0, 0.002715180756451871, 0.0, 0.0031820397086425377, 0.005850217373565814, 0.014021615801252935, 0.00715181717521225, 0.005305853801806843, 0.007958780702710265, 0.16978732165781898, 0.0, 0.029251086867829068, 0.008342981580363455, 0.018695487735003916, 0.0, 0.012164714365127659, 0.05973397664194116, 0.025028944741090367, 0.0, 0.0, 0.0025376892203751475, 0.007958780702710265, 0.004968250674040437, 0.008552394031784252, 0.0, 0.0, 0.05468044229854276, 0.017104788063568504, 0.009347743867501958, 0.03739097547000783, 0.0, 0.02791458142412662, 0.004583553232187011, 0.01738887735914153, 0.0, 0.01490475202212131, 0.011123975440484607, 0.0022917766160935053, 0.0043320856409823985, 0.0, 0.02145545152563675, 0.01668596316072691, 0.0, 0.032696844455741544, 0.0043320856409823985, 0.008508032146177812, 0.015596132003741837, 0.016687573408828583, 0.03411956043143665, 0.0129693349436756, 0.00702656281338065, 0.011700434747131628, 0.0462259145874851, 0.005305853801806843, 0.0, 0.0, 0.032084872625309076, 0.02017266384829551, 0.016687573408828583, 0.004968250674040437, 0.004496643608522408, 0.0, 0.0, 0.0038990330009354593, 0.0066193425669820805, 0.009269631798995879, 0.00259386698873512, 0.0]"
https://www.shopify.com/blog/ecommerce-seo-beginners-guide,3883,217,62.38,seo|search|content|google|website,"[0.007853053146891002, 0.0, 0.0, 0.0, 0.0, 0.01883860949125873, 0.0, 0.03557561495345934, 0.007353375733238294, 0.0, 0.014113619277049272, 0.0, 0.01778780747672967, 0.0, 0.0, 0.0, 0.0, 0.06801109588240117, 0.0, 0.015356454270614349, 0.0, 0.0, 0.014113619277049272, 0.009419304745629365, 0.0, 0.0, 0.0, 0.025976253589855277, 0.0, 0.0, 0.008037333699835888, 0.012592512179027392, 0.012368993139623473, 0.006531408631260105, 0.08893903738364835, 0.05336342243018901, 0.0, 0.011781799852734096, 0.019594225893780313, 0.023559159440673005, 0.0, 0.017312565246747492, 0.031481280447568476, 0.008893903738364834, 0.0, 0.008893903738364834, 0.0, 0.022535798077714067, 0.024112001099507663, 0.0, 0.0, 0.022535798077714067, 0.0, 0.0, 0.0, 0.028807472499468967, 0.0, 0.006783995277387969, 0.012592512179027392, 0.0, 0.0, 0.0, 0.0, 0.031412212587564006, 0.0, 0.0, 0.2757076055976363, 0.0, 0.026681711215094505, 0.010040722242411905, 0.05129443825072303, 0.020753020758888702, 0.0, 0.022060127199714882, 0.09797112946890157, 0.0, 0.0, 0.010631464056404888, 0.0, 0.0, 0.025976253589855277, 0.008658751196618426, 0.0, 0.0, 0.0, 0.0, 0.01731750239323685, 0.0, 0.0, 0.009146490384492698, 0.009419304745629365, 0.0, 0.0, 0.02160809692637796, 0.008037333699835888, 0.0, 0.0, 0.061425817082457396, 0.01646430029962142, 0.0, 0.008037333699835888, 0.007353375733238294, 0.0076782271353071745, 0.0, 0.018228856731640156, 0.008658751196618426, 0.0, 0.0, 0.0, 0.09878580179772851, 0.05762505104867497, 0.014113619277049272, 0.0, 0.00823215014981071, 0.0, 0.05225126905008084, 0.0, 0.014113619277049272, 0.009146490384492698, 0.018292980768985397, 0.01731750239323685, 0.023559159440673005, 0.0, 0.0, 0.0, 0.0, 0.05147363013266806, 0.0, 0.0, 0.0, 0.023034681405921523, 0.021170428915573906, 0.0, 0.0, 0.046587538578296867, 0.0, 0.0, 0.01646430029962142, 0.0, 0.023034681405921523, 0.008893903738364834, 0.030047730770285424, 0.23530802346362542, 0.008438780684318114, 0.11132093825661125, 0.031481280447568476, 0.026621450616169634, 0.0692700095729474, 0.0, 0.0, 0.015356454270614349, 0.01731750239323685, 0.007853053146891002, 0.013310725308084817, 0.03676687866619147, 0.06411804781340379, 0.007353375733238294, 0.01080404846318898, 0.0, 0.0, 0.011781799852734096, 0.011349677185462316, 0.0, 0.010399828806940618, 0.007201868124867242, 0.0, 0.0, 0.0, 0.0, 0.0, 0.006411804781340379, 0.027670694345184935, 0.0, 0.0, 0.007201868124867242, 0.0, 0.01731750239323685, 0.0, 0.01215257115442677, 0.0, 0.030712908541228698, 0.006917673586296234, 0.06039613843764899, 0.03292860059924284, 0.0, 0.04018666849917944, 0.06061125837632898, 0.09014319231085627, 0.04842371510407363, 0.04711831888134601, 0.0, 0.04941502235807645, 0.007511932692571356, 0.020351985832163907, 0.0, 0.0, 0.0, 0.0, 0.018292980768985397, 0.0, 0.04234085783114781, 0.0, 0.0, 0.0, 0.0, 0.0, 0.009419304745629365, 0.007353375733238294, 0.0, 0.0, 0.0, 0.0, 0.0, 0.012592512179027392, 0.02196223215914509, 0.0, 0.006917673586296234, 0.0, 0.0, 0.0, 0.02745279019893136, 0.013835347172592468, 0.007511932692571356, 0.061844965698117364, 0.009419304745629365, 0.05626133589885122, 0.07772696672274419, 0.0, 0.0, 0.0, 0.27989310509356413, 0.21096951710795286, 0.0, 0.0, 0.013835347172592468, 0.007511932692571356, 0.0, 0.0, 0.0, 0.007353375733238294, 0.00823215014981071, 0.0, 0.0, 0.0, 0.0, 0.0, 0.024112001099507663, 0.008037333699835888, 0.051952507179710554, 0.0504130768740707, 0.01731750239323685, 0.0, 0.0076782271353071745, 0.0, 0.0, 0.0, 0.008438780684318114, 0.0, 0.0, 0.008893903738364834, 0.007201868124867242, 0.06105595749649172, 0.0, 0.2469645044943213, 0.10900068128278644, 0.0, 0.0, 0.0, 0.03676687866619147, 0.007353375733238294, 0.0, 0.027439471153478095, 0.03755966346285678, 0.008658751196618426, 0.0, 0.0, 0.009146490384492698, 0.007853053146891002, 0.007511932692571356, 0.01646430029962142, 0.0, 0.0, 0.10749517989430044, 0.0, 0.09423663776269202, 0.014403736249734483, 0.0, 0.0, 0.024112001099507663, 0.13820808843552915, 0.0, 0.014113619277049272, 0.0, 0.0, 0.025976253589855277, 0.0, 0.0, 0.30044479703796484, 0.0, 0.0, 0.0, 0.0, 0.0, 0.5396429326850691, 0.0, 0.0, 0.006184496569811736, 0.007056809638524636, 0.008037333699835888, 0.016074667399671776, 0.015706106293782003, 0.0, 0.0, 0.16491411608471102, 0.05762505104867497, 0.0, 0.013835347172592468, 0.0, 0.008893903738364834, 0.009419304745629365, 0.008658751196618426, 0.041506041517777405, 0.021170428915573906, 0.007853053146891002, 0.007853053146891002, 0.031412212587564006, 0.020799657613881237, 0.0, 0.0, 0.006917673586296234, 0.0, 0.06481681312380518, 0.0, 0.0, 0.0, 0.0, 0.0, 0.039265265734455004, 0.029413502932953178, 0.0, 0.0, 0.0, 0.03348871815449024, 0.008438780684318114, 0.006917673586296234, 0.020753020758888702, 0.0, 0.007511932692571356, 0.013567990554775937, 0.07353375733238295, 0.0, 0.0, 0.03292860059924284, 0.027135981109551875, 0.012823609562680758, 0.007353375733238294, 0.03528404819262318, 0.0, 0.0, 0.04839373017762511, 0.012823609562680758, 0.006296256089513696, 0.034625130493494985, 0.014113619277049272, 0.026578660141012223, 0.030712908541228698, 0.0, 0.025976253589855277, 0.0, 0.0, 0.0, 0.0, 0.06105595749649172, 0.03582842812466889, 0.028227238554098543, 0.007353375733238294, 0.1530733410429754, 0.07408935134829639, 0.0, 0.011541710164498328, 0.0, 0.0, 0.0, 0.0]"
https://www.dollardays.com/?srsltid=AfmBOopXjdOu2Kwq6fwYN9FPfB19MorSOf5UyS0EisxFSAzOm8wbl8KF,1320,45,53.41,need|find|best|help|get,"[0.0, 0.0, 0.0, 0.0, 0.0, 0.0, 0.0, 0.0, 0.0, 0.0, 0.0, 0.0, 0.0, 0.0, 0.0, 0.0, 0.0, 0.0, 0.0, 0.0, 0.0, 0.0, 0.0, 0.0, 0.0, 0.0, 0.0, 0.0, 0.0, 0.0, 0.0, 0.0, 0.2798135804447655, 0.0, 0.0, 0.0, 0.0, 0.0, 0.0, 0.0, 0.0, 0.0, 0.06104358604906102, 0.0, 0.0, 0.0, 0.0, 0.0, 0.0, 0.0, 0.0, 0.0, 0.0, 0.0, 0.0, 0.0, 0.0, 0.0, 0.0, 0.0, 0.0, 0.0, 0.0, 0.0, 0.0, 0.10472074179312585, 0.0, 0.0, 0.0, 0.0, 0.0, 0.0, 0.0, 0.0, 0.0, 0.0, 0.0, 0.0, 0.0, 0.0, 0.0, 0.0, 0.0, 0.0, 0.0, 0.0, 0.0, 0.0, 0.0, 0.0, 0.0, 0.0, 0.0, 0.0, 0.0, 0.0, 0.0, 0.2481403298376958, 0.0, 0.0, 0.0, 0.0, 0.0, 0.0, 0.0, 0.0, 0.0, 0.0, 0.0, 0.0, 0.0, 0.0, 0.0, 0.0, 0.0, 0.0, 0.0, 0.045611546531444995, 0.0, 0.0, 0.0, 0.0, 0.0, 0.0, 0.0, 0.0, 0.0, 0.0, 0.0, 0.0, 0.17369823088638706, 0.0, 0.0, 0.0, 0.0, 0.0, 0.0, 0.0, 0.0, 0.0, 0.0, 0.07282983779478888, 0.0, 0.2999913865645225, 0.25982689612728227, 0.1424350341144757, 0.0645252030863827, 0.0, 0.0, 0.0, 0.0, 0.0, 0.0, 0.0, 0.0, 0.0, 0.0, 0.0, 0.0, 0.0, 0.0, 0.0, 0.0, 0.0, 0.0, 0.0, 0.0, 0.0, 0.0, 0.0, 0.0, 0.0, 0.0, 0.0, 0.0, 0.0, 0.0, 0.0, 0.0, 0.0, 0.0, 0.0, 0.0, 0.0, 0.0, 0.051949143992420274, 0.0, 0.3398725763756814, 0.0, 0.07613707554216016, 0.0, 0.05323216644844955, 0.0, 0.0, 0.0, 0.0, 0.0, 0.0, 0.0, 0.0, 0.0, 0.0, 0.0, 0.0, 0.0, 0.0, 0.0, 0.0, 0.0, 0.0, 0.0, 0.0, 0.0, 0.0, 0.3548811096563303, 0.10151610072288023, 0.06706836520320225, 0.0, 0.0, 0.0, 0.05323216644844955, 0.0, 0.0, 0.05996005295244976, 0.0, 0.0, 0.0, 0.07981250427149855, 0.2597457199621014, 0.18182200397347098, 0.0, 0.0, 0.0, 0.0, 0.0, 0.0, 0.0, 0.045611546531444995, 0.0, 0.0, 0.0, 0.0, 0.0, 0.0, 0.0, 0.0, 0.0, 0.0, 0.0, 0.0, 0.0, 0.0, 0.0, 0.0, 0.0, 0.0, 0.0, 0.0, 0.0, 0.0, 0.0, 0.0, 0.0, 0.0, 0.24865542400754723, 0.0, 0.0, 0.0, 0.0, 0.0, 0.0, 0.0, 0.2427661259826296, 0.0, 0.08181583269941523, 0.0, 0.0, 0.0, 0.0, 0.0, 0.0, 0.0, 0.0, 0.0, 0.0, 0.1629219519456761, 0.0, 0.0, 0.0, 0.0, 0.0, 0.06841731979716749, 0.0, 0.0, 0.0, 0.0, 0.0, 0.0, 0.0, 0.0, 0.0, 0.0, 0.0, 0.0, 0.0, 0.13990679022238275, 0.0, 0.0, 0.0, 0.0, 0.0, 0.0, 0.0, 0.05075805036144011, 0.0, 0.0, 0.0, 0.0, 0.0, 0.0, 0.0, 0.06706836520320225, 0.0, 0.0, 0.0, 0.0, 0.0, 0.0, 0.0, 0.089424486937603, 0.0, 0.0, 0.10389828798484055, 0.0, 0.0, 0.0, 0.0, 0.05075805036144011, 0.0, 0.0, 0.0, 0.0, 0.0, 0.0, 0.0, 0.0, 0.0, 0.0, 0.0, 0.0, 0.0, 0.0, 0.0, 0.0, 0.0, 0.0, 0.0, 0.0, 0.0, 0.03127918973152893, 0.0, 0.0, 0.0, 0.0, 0.0, 0.0, 0.0, 0.0, 0.0, 0.0, 0.0, 0.0, 0.1534687574694615, 0.0, 0.0, 0.0, 0.043016802057588455, 0.0, 0.0, 0.0, 0.0, 0.0, 0.09925613193507832, 0.0]"
https://www.woot.com/,370,35,63.36,get|find|work|take|free,"[0.0, 0.12287440848786661, 0.0, 0.0, 0.0, 0.0, 0.0, 0.13916029097959867, 0.0, 0.0, 0.0, 0.0, 0.0, 0.0, 0.0, 0.0, 0.0, 0.7601068400538554, 0.0, 0.0, 0.0, 0.0, 0.0, 0.0, 0.0, 0.0, 0.0, 0.0, 0.0, 0.0, 0.0, 0.0, 0.0, 0.0, 0.0, 0.0, 0.0, 0.0, 0.0, 0.0, 0.0, 0.0, 0.0, 0.0, 0.0, 0.0, 0.0, 0.0, 0.0, 0.0, 0.0, 0.0, 0.0, 0.0, 0.0, 0.0, 0.0, 0.0, 0.0, 0.0, 0.0, 0.0, 0.0, 0.0, 0.0, 0.0, 0.10032362001252723, 0.0, 0.0, 0.0, 0.0, 0.0, 0.0, 0.0, 0.10219502620790949, 0.0, 0.0, 0.0, 0.0, 0.1843116127317999, 0.0, 0.0, 0.0, 0.0, 0.0, 0.0, 0.13548092845256068, 0.0, 0.0, 0.0, 0.0, 0.0, 0.0, 0.0, 0.0, 0.0, 0.0, 0.0, 0.0, 0.0, 0.0, 0.0, 0.0, 0.0, 0.0, 0.0, 0.0, 0.0, 0.0, 0.0, 0.0, 0.0, 0.0, 0.0, 0.0, 0.0, 0.0, 0.0, 0.0, 0.0, 0.0, 0.0, 0.0, 0.0, 0.0, 0.0, 0.0, 0.0, 0.0, 0.0, 0.0, 0.0, 0.0, 0.0, 0.1562017474142754, 0.0, 0.0, 0.0, 0.0, 0.0, 0.0, 0.0, 0.0, 0.0, 0.0, 0.0, 0.0, 0.0, 0.0, 0.0, 0.0, 0.0, 0.0, 0.0, 0.0, 0.0, 0.0, 0.08452388130813553, 0.0, 0.0, 0.0, 0.0, 0.0, 0.0, 0.0, 0.0, 0.0, 0.0, 0.0, 0.0, 0.0, 0.0, 0.0, 0.0, 0.0, 0.0, 0.0, 0.0, 0.0, 0.0, 0.24027791480307695, 0.0, 0.0, 0.0, 0.0, 0.0, 0.0, 0.0, 0.0, 0.0, 0.0, 0.0, 0.0, 0.0, 0.0, 0.0, 0.0, 0.0, 0.0, 0.0, 0.0, 0.0, 0.0, 0.0, 0.0, 0.0, 0.0, 0.0, 0.0, 0.0, 0.0, 0.0, 0.0, 0.0, 0.0, 0.0, 0.0, 0.0, 0.0, 0.0, 0.0, 0.0, 0.1175369972589317, 0.0, 0.0, 0.0, 0.0, 0.0, 0.0, 0.0, 0.0, 0.1320391146664953, 0.0, 0.0, 0.0, 0.0, 0.0, 0.0, 0.0, 0.0, 0.0, 0.0, 0.0, 0.0, 0.12880602758199228, 0.0, 0.0, 0.0, 0.0, 0.0, 0.0, 0.0, 0.0, 0.0, 0.0, 0.0, 0.0, 0.0, 0.0, 0.0, 0.0, 0.0, 0.0, 0.12880602758199228, 0.10032362001252723, 0.0, 0.0, 0.0, 0.0, 0.0, 0.0, 0.0, 0.0, 0.0, 0.0, 0.0, 0.0, 0.0, 0.0, 0.0, 0.0, 0.0, 0.0, 0.0, 0.0, 0.0, 0.0, 0.0, 0.0, 0.0, 0.0, 0.0, 0.0, 0.0, 0.0, 0.0, 0.0, 0.0, 0.0, 0.0, 0.0, 0.0, 0.0, 0.0, 0.0, 0.0, 0.0, 0.0, 0.0, 0.0, 0.0, 0.0, 0.0, 0.24574881697573323, 0.0, 0.0, 0.0, 0.0, 0.0, 0.0, 0.0, 0.0, 0.0, 0.0, 0.0, 0.0, 0.0, 0.0, 0.0, 0.0, 0.0, 0.0, 0.0, 0.0, 0.0, 0.0, 0.0, 0.0, 0.0, 0.0, 0.0, 0.0, 0.0, 0.0, 0.0, 0.0, 0.0, 0.0, 0.0, 0.0, 0.0, 0.0, 0.19320904137298842, 0.0, 0.0, 0.0, 0.0, 0.0, 0.0, 0.07572024356477515, 0.0, 0.0, 0.0, 0.0, 0.0, 0.0, 0.0, 0.0, 0.0, 0.12287440848786661, 0.0, 0.0, 0.0, 0.0, 0.0, 0.0, 0.0, 0.0, 0.0, 0.18058973788590532, 0.0, 0.0, 0.0, 0.0]"
https://www.shopmissa.com/?srsltid=AfmBOoqr-F6zzKR-vGPqksAZp1wW4niXlINdN2eAREiMVNtHez_0-gAB,225,1,62.01,,"[0.0, 0.0, 0.0, 0.0, 0.0, 0.0, 0.0, 0.0, 0.0, 0.0, 0.0, 0.0, 0.0, 0.0, 0.0, 0.0, 0.0, 0.0, 0.0, 0.0, 0.0, 0.0, 0.0, 0.0, 0.0, 0.0, 0.0, 0.0, 0.0, 0.0, 0.0, 0.0, 0.0, 0.0, 0.0, 0.0, 0.0, 0.0, 0.0, 0.0, 0.0, 0.0, 0.0, 0.0, 0.0, 0.0, 0.0, 0.0, 0.0, 0.0, 0.0, 0.0, 0.0, 0.0, 0.0, 0.0, 0.0, 0.0, 0.0, 0.0, 0.0, 0.0, 0.0, 0.0, 0.0, 0.0, 0.0, 0.0, 0.0, 0.0, 0.0, 0.0, 0.0, 0.0, 0.0, 0.0, 0.0, 0.0, 0.0, 0.0, 0.0, 0.0, 0.0, 0.0, 0.0, 0.0, 0.0, 0.0, 0.0, 0.0, 0.0, 0.0, 0.0, 0.0, 0.0, 0.0, 0.0, 0.0, 0.0, 0.0, 0.0, 0.0, 0.0, 0.0, 0.0, 0.0, 0.0, 0.0, 0.0, 0.0, 0.0, 0.0, 0.0, 0.0, 0.0, 0.0, 0.0, 0.0, 0.0, 0.0, 0.0, 0.0, 0.0, 0.0, 0.0, 0.0, 0.0, 0.0, 0.0, 0.0, 0.0, 0.0, 0.0, 0.0, 0.0, 0.0, 0.0, 0.0, 0.0, 0.0, 0.0, 0.0, 0.0, 0.0, 0.0, 0.0, 0.0, 0.0, 0.0, 0.0, 0.0, 0.0, 0.0, 0.0, 0.0, 0.0, 0.0, 0.0, 0.0, 0.0, 0.0, 0.0, 0.0, 0.0, 0.0, 0.0, 0.0, 0.0, 0.0, 0.0, 0.0, 0.0, 0.0, 0.0, 0.0, 0.0, 0.0, 0.0, 0.0, 0.0, 0.0, 0.0, 0.0, 0.0, 0.0, 0.0, 0.0, 0.0, 0.0, 0.0, 0.0, 0.0, 0.0, 0.0, 0.0, 0.0, 0.0, 0.0, 0.0, 0.0, 0.0, 0.0, 0.0, 0.0, 0.0, 0.0, 0.0, 0.0, 0.0, 0.0, 0.0, 0.0, 0.0, 0.0, 0.0, 0.0, 0.0, 0.0, 0.0, 0.0, 0.0, 0.0, 0.0, 0.0, 0.0, 0.0, 0.0, 0.0, 0.0, 0.0, 0.0, 0.0, 0.0, 0.0, 0.0, 0.0, 0.0, 0.0, 0.0, 0.0, 0.0, 0.0, 0.0, 0.0, 0.0, 0.0, 0.0, 0.0, 0.0, 0.0, 0.0, 0.0, 0.0, 0.0, 0.0, 0.0, 0.0, 0.0, 0.0, 0.0, 0.0, 0.0, 0.0, 0.0, 0.0, 0.0, 0.0, 0.0, 0.0, 0.0, 0.0, 0.0, 0.0, 0.0, 0.0, 0.0, 0.0, 0.0, 0.0, 0.0, 0.0, 0.0, 0.0, 0.0, 0.0, 0.0, 0.0, 0.0, 0.0, 0.0, 0.0, 0.0, 0.0, 0.0, 0.0, 0.0, 0.0, 0.0, 0.0, 0.0, 0.0, 0.0, 0.0, 0.0, 0.0, 0.0, 0.0, 0.0, 0.0, 0.0, 0.0, 0.0, 0.0, 0.0, 0.0, 0.0, 0.0, 0.0, 0.0, 0.0, 0.0, 0.0, 0.0, 0.0, 0.0, 0.0, 0.0, 0.0, 0.0, 0.0, 0.0, 0.0, 0.0, 0.0, 0.0, 0.0, 0.0, 0.0, 0.0, 0.0, 0.0, 0.0, 0.0, 0.0, 0.0, 0.0, 0.0, 0.0, 0.0, 0.0, 0.0, 0.0, 0.0, 0.0, 0.0, 0.0, 0.0, 0.0, 0.0, 0.0, 0.0, 0.0, 0.0, 0.0, 0.0, 0.0, 0.0, 0.0, 0.0, 0.0, 0.0, 0.0, 0.0, 0.0, 0.0, 0.0, 0.0, 0.0, 0.0, 0.0, 0.0, 0.0, 0.0, 0.0]"
https://martie.com/?srsltid=AfmBOoqTEC0QXQ3xYEvV1VWP6OX6EZboYFZDuiiilhyLfDJNbuXIZ97r,51,1,42.58,free,"[0.0, 0.0, 0.0, 0.0, 0.0, 0.0, 0.0, 0.0, 0.0, 0.0, 0.0, 0.0, 0.0, 0.0, 0.0, 0.0, 0.0, 0.0, 0.0, 0.0, 0.0, 0.0, 0.0, 0.0, 0.0, 0.0, 0.0, 0.0, 0.0, 0.0, 0.0, 0.0, 0.0, 0.0, 0.0, 0.0, 0.0, 0.0, 0.0, 0.0, 0.0, 0.0, 0.0, 0.0, 0.0, 0.0, 0.0, 0.0, 0.0, 0.0, 0.0, 0.0, 0.0, 0.0, 0.0, 0.0, 0.0, 0.0, 0.0, 0.0, 0.0, 0.0, 0.0, 0.0, 0.0, 0.0, 0.0, 0.0, 0.0, 0.0, 0.0, 0.0, 0.0, 0.0, 0.0, 0.0, 0.0, 0.0, 0.0, 0.0, 0.0, 0.0, 0.0, 0.0, 0.0, 0.0, 0.0, 0.0, 0.0, 0.0, 0.0, 0.0, 0.0, 0.0, 0.0, 0.0, 0.0, 0.0, 0.0, 0.0, 0.0, 0.0, 0.0, 0.0, 0.0, 0.0, 0.0, 0.0, 0.0, 0.0, 0.0, 0.0, 0.0, 0.0, 0.0, 0.0, 0.0, 0.5911914875476876, 0.0, 0.0, 0.0, 0.0, 0.0, 0.0, 0.0, 0.0, 0.0, 0.0, 0.0, 0.0, 0.0, 0.0, 0.0, 0.0, 0.4181698900590503, 0.0, 0.0, 0.0, 0.0, 0.0, 0.0, 0.0, 0.0, 0.0, 0.0, 0.0, 0.0, 0.0, 0.0, 0.0, 0.0, 0.0, 0.0, 0.0, 0.0, 0.0, 0.0, 0.0, 0.0, 0.0, 0.0, 0.0, 0.0, 0.0, 0.0, 0.0, 0.0, 0.0, 0.0, 0.0, 0.0, 0.0, 0.0, 0.0, 0.0, 0.0, 0.0, 0.0, 0.0, 0.0, 0.0, 0.0, 0.0, 0.0, 0.0, 0.0, 0.0, 0.0, 0.0, 0.0, 0.0, 0.0, 0.0, 0.0, 0.0, 0.0, 0.0, 0.0, 0.0, 0.0, 0.0, 0.0, 0.0, 0.0, 0.0, 0.0, 0.0, 0.0, 0.0, 0.0, 0.0, 0.0, 0.0, 0.0, 0.0, 0.0, 0.0, 0.0, 0.0, 0.0, 0.0, 0.0, 0.0, 0.0, 0.0, 0.0, 0.0, 0.0, 0.0, 0.0, 0.0, 0.0, 0.0, 0.0, 0.0, 0.0, 0.0, 0.0, 0.0, 0.0, 0.0, 0.0, 0.0, 0.0, 0.0, 0.0, 0.0, 0.0, 0.0, 0.0, 0.0, 0.0, 0.0, 0.0, 0.0, 0.0, 0.0, 0.0, 0.0, 0.0, 0.0, 0.0, 0.0, 0.0, 0.0, 0.0, 0.0, 0.0, 0.0, 0.0, 0.0, 0.0, 0.0, 0.0, 0.0, 0.0, 0.0, 0.0, 0.0, 0.0, 0.0, 0.0, 0.0, 0.0, 0.0, 0.0, 0.0, 0.0, 0.0, 0.0, 0.0, 0.0, 0.0, 0.0, 0.0, 0.0, 0.0, 0.0, 0.0, 0.0, 0.0, 0.0, 0.0, 0.0, 0.0, 0.0, 0.0, 0.0, 0.0, 0.0, 0.0, 0.0, 0.0, 0.0, 0.0, 0.0, 0.0, 0.0, 0.0, 0.0, 0.0, 0.0, 0.0, 0.0, 0.0, 0.0, 0.0, 0.0, 0.0, 0.0, 0.0, 0.0, 0.0, 0.0, 0.0, 0.0, 0.0, 0.0, 0.0, 0.0, 0.0, 0.0, 0.0, 0.0, 0.0, 0.0, 0.0, 0.0, 0.0, 0.0, 0.0, 0.0, 0.6896568480767475, 0.0, 0.0, 0.0, 0.0, 0.0, 0.0, 0.0, 0.0, 0.0, 0.0, 0.0, 0.0, 0.0, 0.0, 0.0, 0.0, 0.0, 0.0, 0.0, 0.0, 0.0, 0.0, 0.0, 0.0, 0.0, 0.0, 0.0, 0.0, 0.0, 0.0, 0.0]"
https://www.dealsofamerica.com/,1905,36,64.3,one|take|access|make|high,"[0.019335385235615257, 0.012890256823743505, 0.0, 0.0, 0.015786817328729944, 0.0, 0.0, 0.0, 0.0, 0.0, 0.005791638417273638, 0.0, 0.0, 0.0, 0.0, 0.0, 0.006301645861414389, 0.0, 0.0, 0.0, 0.0, 0.0, 0.0, 0.0, 0.007973973183151344, 0.0, 0.0, 0.0, 0.0, 0.0, 0.0, 0.0, 0.0, 0.0, 0.0, 0.007299371416998665, 0.0, 0.0, 0.0, 0.0, 0.006301645861414389, 0.0, 0.0, 0.0, 0.0, 0.0, 0.0, 0.006165165308237779, 0.0, 0.0, 0.0, 0.0, 0.0, 0.0, 0.0, 0.0, 0.006301645861414389, 0.0, 0.005167439752653504, 0.0, 0.0, 0.0, 0.005791638417273638, 0.0, 0.0, 0.0, 0.0, 0.012330330616475559, 0.0, 0.0, 0.005262272442909981, 0.0, 0.0, 0.0, 0.0, 0.0, 0.0, 0.0, 0.0, 0.02578051364748701, 0.0, 0.0, 0.0, 0.0, 0.0, 0.030825826541188896, 0.0, 0.0, 0.0, 0.0, 0.0, 0.006165165308237779, 0.005791638417273638, 0.008867058252484426, 0.0, 0.0, 0.006035035033504814, 0.0, 0.0, 0.0, 0.0, 0.024140140134019255, 0.0, 0.0, 0.0, 0.0, 0.0, 0.012603291722828779, 0.0, 0.0, 0.0, 0.0, 0.0, 0.013512518972915525, 0.00824058401106092, 0.0, 0.0, 0.011583276834547277, 0.0, 0.0, 0.0, 0.0064451284118717525, 0.0, 0.0, 0.0, 0.0, 0.01810510510051444, 0.0, 0.0, 0.0, 0.0, 0.0, 0.0, 0.0, 0.0, 0.0, 0.0, 0.0, 0.0, 0.0, 0.0, 0.012330330616475559, 0.0, 0.0, 0.0, 0.005167439752653504, 0.010924328698796795, 0.0, 0.0, 0.0, 0.0, 0.0, 0.0064451284118717525, 0.0, 0.0, 0.005262272442909981, 0.024140140134019255, 0.0, 0.0, 0.0, 0.8219087509081692, 0.004657432308512754, 0.0, 0.0, 0.005910690275732023, 0.0, 0.0, 0.0, 0.0, 0.005360433267352136, 0.005262272442909981, 0.0, 0.0, 0.006165165308237779, 0.005910690275732023, 0.0, 0.0, 0.0, 0.0, 0.0, 0.006301645861414389, 0.0, 0.009012380524450449, 0.0, 0.030922306267680673, 0.0, 0.0, 0.006165165308237779, 0.0, 0.0, 0.0, 0.013518570786675673, 0.0, 0.0055677352350030984, 0.0, 0.0, 0.0, 0.0, 0.0, 0.0, 0.0, 0.0, 0.0, 0.0, 0.0, 0.0, 0.0, 0.006035035033504814, 0.0, 0.007106377902300033, 0.0, 0.008535308607805813, 0.0, 0.005167439752653504, 0.009012380524450449, 0.0, 0.0, 0.0, 0.0, 0.0, 0.004506190262225224, 0.0, 0.006165165308237779, 0.005075716897573451, 0.0, 0.0, 0.0, 0.0, 0.0, 0.0, 0.006756259486457763, 0.0, 0.0, 0.0, 0.0, 0.0, 0.0, 0.005791638417273638, 0.0, 0.006035035033504814, 0.0, 0.0, 0.0, 0.0, 0.006756259486457763, 0.0, 0.0, 0.0, 0.0, 0.0, 0.0, 0.0, 0.0, 0.0, 0.0, 0.0, 0.0069258445260345245, 0.0, 0.0, 0.0, 0.0, 0.0, 0.0, 0.0, 0.005262272442909981, 0.0, 0.0, 0.006756259486457763, 0.0, 0.006035035033504814, 0.0, 0.0, 0.0, 0.014212755804600066, 0.0069258445260345245, 0.0, 0.0, 0.0, 0.0, 0.006756259486457763, 0.0, 0.0, 0.0, 0.0, 0.0, 0.0, 0.0, 0.0, 0.0, 0.0, 0.0, 0.0, 0.0, 0.0, 0.0, 0.0, 0.0, 0.0, 0.0, 0.0, 0.0, 0.0, 0.0, 0.0, 0.0, 0.0, 0.0, 0.02895819208636819, 0.0, 0.0, 0.0064451284118717525, 0.0, 0.0, 0.012890256823743505, 0.006756259486457763, 0.0, 0.0, 0.0, 0.0, 0.0, 0.007106377902300033, 0.0, 0.005791638417273638, 0.0064451284118717525, 0.0, 0.0, 0.0, 0.0, 0.0, 0.005677447196794255, 0.0, 0.0, 0.0, 0.0, 0.0, 0.0, 0.006165165308237779, 0.0, 0.0, 0.0, 0.0, 0.0, 0.0, 0.0069258445260345245, 0.01135489439358851, 0.005677447196794255, 0.0, 0.006165165308237779, 0.0, 0.0, 0.0, 0.0, 0.006756259486457763, 0.0, 0.005262272442909981, 0.0, 0.0, 0.0, 0.0, 0.003971752126085493, 0.010524544885819963, 0.005167439752653504, 0.0, 0.0, 0.0043627077117678595, 0.0, 0.0, 0.0, 0.0, 0.5607261718328425, 0.0, 0.0, 0.0, 0.004900828924743928, 0.0, 0.006035035033504814, 0.0, 0.0, 0.0, 0.009472469205464, 0.0, 0.007506673384649627, 0.0, 0.0]"
https://www.dealnews.com/,1379,61,75.71,best|company|get|free|time,"[0.030910917865472877, 0.07727729466368219, 0.0, 0.0, 0.0, 0.0, 0.0, 0.0, 0.0, 0.0, 0.0, 0.0, 0.0, 0.0, 0.0, 0.0, 0.0, 0.7839871752241778, 0.0, 0.0, 0.0, 0.0, 0.0, 0.0, 0.0, 0.0, 0.0, 0.0, 0.0, 0.03163627664373843, 0.0, 0.0, 0.1582308183281314, 0.012854353075825678, 0.0, 0.0, 0.0, 0.0, 0.012854353075825678, 0.0, 0.0, 0.0, 0.0, 0.0, 0.014784105629220223, 0.0, 0.0, 0.0, 0.0, 0.0, 0.0, 0.0, 0.0, 0.0, 0.3960231116718647, 0.0, 0.0, 0.0, 0.12391553399838631, 0.0, 0.0, 0.0, 0.0, 0.0, 0.0, 0.0, 0.0, 0.0, 0.0, 0.0, 0.0, 0.0, 0.0, 0.0, 0.012854353075825678, 0.0, 0.0, 0.0, 0.0, 0.0, 0.0, 0.0, 0.0, 0.0, 0.0, 0.0, 0.0, 0.0, 0.0, 0.0, 0.0, 0.0, 0.0, 0.0, 0.0, 0.04084366348599258, 0.0, 0.015111386863966897, 0.016201553228872536, 0.0, 0.015818138321869214, 0.0, 0.0, 0.0, 0.02391726643016024, 0.0, 0.0, 0.0, 0.0, 0.0, 0.0, 0.0, 0.0, 0.0, 0.0, 0.0, 0.0, 0.0, 0.0, 0.0, 0.0, 0.015455458932736438, 0.0, 0.0, 0.0, 0.0, 0.0, 0.0, 0.0, 0.0, 0.0, 0.0, 0.0, 0.0, 0.07858982914644569, 0.0, 0.0, 0.0, 0.0, 0.0, 0.0, 0.029568211258440447, 0.0, 0.016608219232602934, 0.0, 0.0, 0.0, 0.0, 0.0, 0.0, 0.0, 0.0, 0.0, 0.0, 0.0, 0.0, 0.014472052402579084, 0.02126326209777645, 0.0, 0.0, 0.0, 0.0, 0.0, 0.0, 0.0, 0.0, 0.0, 0.0, 0.0, 0.025708706151651356, 0.0, 0.0, 0.0, 0.014784105629220223, 0.0, 0.0, 0.0, 0.0, 0.0, 0.0, 0.0, 0.0, 0.0, 0.0, 0.0, 0.0, 0.0, 0.029568211258440447, 0.0, 0.0, 0.0, 0.0, 0.0, 0.0, 0.0, 0.0, 0.0, 0.0, 0.0, 0.0, 0.0, 0.0, 0.0, 0.0, 0.0, 0.0, 0.0, 0.0, 0.0, 0.0, 0.0, 0.0, 0.0, 0.0, 0.010805872915213626, 0.0, 0.01361455449533086, 0.0, 0.0, 0.0, 0.043223491660854506, 0.01361455449533086, 0.05913642251688089, 0.012171601409856262, 0.0, 0.0, 0.0, 0.016201553228872536, 0.0, 0.0, 0.0, 0.0, 0.0, 0.0, 0.0, 0.0, 0.0, 0.0, 0.0, 0.0, 0.0, 0.0, 0.0, 0.0, 0.0, 0.0, 0.015818138321869214, 0.0, 0.0, 0.0, 0.03408227883472289, 0.0, 0.0, 0.0, 0.0, 0.0, 0.0, 0.0, 0.0, 0.0, 0.0, 0.0, 0.0, 0.0, 0.012618962794357466, 0.0, 0.016608219232602934, 0.0, 0.0, 0.0, 0.0, 0.0, 0.0, 0.0, 0.0, 0.0, 0.0, 0.0, 0.0, 0.03240310645774507, 0.0, 0.0, 0.0, 0.0, 0.0, 0.0, 0.0, 0.0, 0.0, 0.0, 0.0, 0.05555354307389867, 0.0, 0.0, 0.0, 0.0, 0.0, 0.0, 0.0, 0.0, 0.14003151274678793, 0.0, 0.0, 0.0, 0.04430705022174261, 0.0, 0.012171601409856262, 0.0, 0.0, 0.0, 0.0, 0.0, 0.0, 0.0, 0.0, 0.0, 0.0, 0.0, 0.0, 0.0, 0.0, 0.0, 0.0, 0.0, 0.0, 0.0, 0.0, 0.0, 0.0, 0.0, 0.0, 0.0, 0.0, 0.0, 0.0, 0.0, 0.0, 0.0, 0.0, 0.0, 0.0, 0.0, 0.043939047099714655, 0.0, 0.14976009944863947, 0.0, 0.0, 0.0, 0.0, 0.0, 0.0, 0.0, 0.0, 0.0, 0.0, 0.028944104805158168, 0.0, 0.0, 0.0, 0.038097147459562164, 0.0, 0.0, 0.0, 0.013888385768474667, 0.0, 0.015111386863966897, 0.0, 0.3237816489298674, 0.014173872882413356, 0.0, 0.0, 0.0, 0.0, 0.011752218938450817, 0.0, 0.0, 0.0, 0.0, 0.0, 0.0, 0.0, 0.018001050530539305, 0.0, 0.0]"
https://viewyourdeal.com/,220,16,52.36,company|time|different,"[0.0, 0.0, 0.0, 0.0, 0.0, 0.0, 0.0, 0.0, 0.0, 0.0, 0.0, 0.0, 0.0, 0.0, 0.0, 0.0, 0.0, 0.0, 0.0, 0.0, 0.0, 0.0, 0.0, 0.0, 0.0, 0.0, 0.0, 0.0, 0.0, 0.0, 0.0, 0.0, 0.0, 0.0, 0.0, 0.0, 0.0, 0.0, 0.0, 0.0, 0.0, 0.0, 0.0, 0.0, 0.0, 0.0, 0.0, 0.29751788201308615, 0.0, 0.0, 0.0, 0.0, 0.0, 0.0, 0.0, 0.0, 0.0, 0.0, 0.498739499680712, 0.0, 0.0, 0.0, 0.0, 0.0, 0.0, 0.0, 0.0, 0.0, 0.0, 0.0, 0.0, 0.0, 0.0, 0.0, 0.0, 0.0, 0.0, 0.0, 0.0, 0.0, 0.0, 0.0, 0.0, 0.0, 0.0, 0.0, 0.0, 0.0, 0.0, 0.0, 0.0, 0.0, 0.0, 0.21395277004501662, 0.0, 0.0, 0.0, 0.0, 0.0, 0.0, 0.0, 0.0, 0.0, 0.0, 0.0, 0.0, 0.0, 0.0, 0.0, 0.0, 0.0, 0.0, 0.0, 0.0, 0.0, 0.0, 0.0, 0.0, 0.0, 0.0, 0.0, 0.0, 0.0, 0.0, 0.0, 0.0, 0.0, 0.0, 0.3522522779901012, 0.0, 0.0, 0.0, 0.0, 0.0, 0.0, 0.0, 0.0, 0.0, 0.0, 0.0, 0.0, 0.0, 0.0, 0.0, 0.0, 0.0, 0.0, 0.0, 0.0, 0.0, 0.0, 0.0, 0.0, 0.0, 0.0, 0.0, 0.0, 0.0, 0.0, 0.0, 0.0, 0.0, 0.0, 0.0, 0.0, 0.0, 0.0, 0.0, 0.0, 0.0, 0.0, 0.0, 0.0, 0.0, 0.0, 0.0, 0.0, 0.0, 0.0, 0.0, 0.0, 0.0, 0.0, 0.0, 0.0, 0.0, 0.0, 0.0, 0.0, 0.0, 0.0, 0.0, 0.0, 0.0, 0.0, 0.0, 0.0, 0.0, 0.0, 0.0, 0.0, 0.0, 0.0, 0.0, 0.0, 0.0, 0.0, 0.0, 0.0, 0.0, 0.0, 0.0, 0.0, 0.0, 0.0, 0.0, 0.0, 0.0, 0.0, 0.0, 0.0, 0.0, 0.0, 0.0, 0.0, 0.0, 0.0, 0.0, 0.0, 0.0, 0.0, 0.0, 0.0, 0.0, 0.0, 0.0, 0.0, 0.0, 0.0, 0.0, 0.0, 0.0, 0.0, 0.0, 0.0, 0.0, 0.0, 0.0, 0.0, 0.0, 0.0, 0.0, 0.0, 0.0, 0.0, 0.0, 0.0, 0.0, 0.0, 0.0, 0.0, 0.0, 0.0, 0.0, 0.0, 0.0, 0.0, 0.0, 0.0, 0.0, 0.0, 0.36225623397004053, 0.0, 0.0, 0.0, 0.0, 0.36225623397004053, 0.0, 0.0, 0.0, 0.0, 0.0, 0.0, 0.0, 0.0, 0.0, 0.0, 0.0, 0.0, 0.0, 0.0, 0.0, 0.0, 0.0, 0.0, 0.0, 0.0, 0.0, 0.0, 0.0, 0.0, 0.0, 0.0, 0.0, 0.0, 0.0, 0.0, 0.0, 0.0, 0.0, 0.0, 0.0, 0.0, 0.0, 0.0, 0.0, 0.0, 0.0, 0.0, 0.0, 0.0, 0.0, 0.0, 0.0, 0.0, 0.0, 0.0, 0.0, 0.0, 0.0, 0.0, 0.0, 0.0, 0.0, 0.0, 0.0, 0.0, 0.3110283112506759, 0.0, 0.0, 0.0, 0.0, 0.22105923345377648, 0.0, 0.0, 0.0, 0.0, 0.0, 0.0, 0.0, 0.0, 0.0, 0.0, 0.0, 0.0, 0.0, 0.0, 0.0, 0.0, 0.0, 0.0, 0.0, 0.0, 0.0, 0.0, 0.0, 0.0, 0.0, 0.0, 0.0, 0.0, 0.0, 0.0, 0.0, 0.0, 0.29123806926052276, 0.0, 0.0, 0.0, 0.0, 0.0, 0.0, 0.0, 0.0]"
https://americasstealsanddeals.com/,76,5,98.35,,"[0.0, 0.0, 0.0, 0.0, 0.0, 0.0, 0.0, 0.0, 0.0, 0.0, 0.0, 0.0, 0.0, 0.0, 0.0, 0.0, 0.0, 0.0, 0.0, 0.0, 0.0, 0.0, 0.0, 0.0, 0.0, 0.0, 0.0, 0.0, 0.0, 0.0, 0.0, 0.0, 0.0, 0.0, 0.0, 0.0, 0.2203401261696565, 0.0, 0.0, 0.0, 0.0, 0.0, 0.0, 0.0, 0.0, 0.0, 0.0, 0.0, 0.0, 0.0, 0.0, 0.0, 0.0, 0.0, 0.0, 0.0, 0.0, 0.0, 0.0, 0.0, 0.0, 0.0, 0.0, 0.0, 0.0, 0.0, 0.0, 0.0, 0.0, 0.0, 0.0, 0.0, 0.0, 0.0, 0.0, 0.0, 0.0, 0.0, 0.0, 0.0, 0.0, 0.0, 0.0, 0.0, 0.0, 0.0, 0.0, 0.0, 0.0, 0.0, 0.0, 0.0, 0.0, 0.0, 0.0, 0.0, 0.0, 0.0, 0.0, 0.0, 0.0, 0.0, 0.0, 0.0, 0.0, 0.0, 0.0, 0.0, 0.0, 0.0, 0.0, 0.0, 0.0, 0.0, 0.0, 0.0, 0.0, 0.0, 0.0, 0.0, 0.0, 0.0, 0.0, 0.0, 0.0, 0.0, 0.0, 0.0, 0.0, 0.0, 0.0, 0.0, 0.0, 0.0, 0.0, 0.0, 0.0, 0.0, 0.0, 0.0, 0.0, 0.0, 0.0, 0.0, 0.0, 0.0, 0.0, 0.0, 0.0, 0.0, 0.0, 0.0, 0.0, 0.0, 0.0, 0.0, 0.0, 0.0, 0.0, 0.0, 0.0, 0.0, 0.0, 0.0, 0.0, 0.0, 0.0, 0.0, 0.0, 0.0, 0.0, 0.627526279775534, 0.0, 0.0, 0.0, 0.0, 0.0, 0.0, 0.0, 0.0, 0.0, 0.0, 0.0, 0.0, 0.0, 0.0, 0.0, 0.0, 0.0, 0.0, 0.0, 0.0, 0.0, 0.0, 0.0, 0.0, 0.0, 0.0, 0.0, 0.0, 0.0, 0.0, 0.0, 0.0, 0.0, 0.0, 0.0, 0.0, 0.0, 0.0, 0.0, 0.0, 0.0, 0.0, 0.0, 0.0, 0.0, 0.0, 0.0, 0.0, 0.0, 0.0, 0.0, 0.0, 0.0, 0.0, 0.0, 0.0, 0.0, 0.0, 0.0, 0.0, 0.0, 0.0, 0.0, 0.0, 0.0, 0.0, 0.0, 0.0, 0.0, 0.0, 0.0, 0.0, 0.0, 0.0, 0.0, 0.0, 0.0, 0.0, 0.0, 0.0, 0.0, 0.0, 0.0, 0.0, 0.0, 0.0, 0.0, 0.0, 0.0, 0.0, 0.0, 0.7467670299300968, 0.0, 0.0, 0.0, 0.0, 0.0, 0.0, 0.0, 0.0, 0.0, 0.0, 0.0, 0.0, 0.0, 0.0, 0.0, 0.0, 0.0, 0.0, 0.0, 0.0, 0.0, 0.0, 0.0, 0.0, 0.0, 0.0, 0.0, 0.0, 0.0, 0.0, 0.0, 0.0, 0.0, 0.0, 0.0, 0.0, 0.0, 0.0, 0.0, 0.0, 0.0, 0.0, 0.0, 0.0, 0.0, 0.0, 0.0, 0.0, 0.0, 0.0, 0.0, 0.0, 0.0, 0.0, 0.0, 0.0, 0.0, 0.0, 0.0, 0.0, 0.0, 0.0, 0.0, 0.0, 0.0, 0.0, 0.0, 0.0, 0.0, 0.0, 0.0, 0.0, 0.0, 0.0, 0.0, 0.0, 0.0, 0.0, 0.0, 0.0, 0.0, 0.0, 0.0, 0.0, 0.0, 0.0, 0.0, 0.0, 0.0, 0.0, 0.0, 0.0, 0.0, 0.0, 0.0, 0.0, 0.0, 0.0, 0.0, 0.0, 0.0, 0.0, 0.0, 0.0, 0.0, 0.0, 0.0, 0.0, 0.0, 0.0, 0.0, 0.0, 0.0, 0.0, 0.0, 0.0, 0.0, 0.0, 0.0, 0.0]"
https://www.pricegrabber.com/,274,11,52.36,best|email,"[0.0, 0.0, 0.0, 0.0, 0.0, 0.0, 0.0, 0.0, 0.0, 0.0, 0.0, 0.0, 0.0, 0.0, 0.0, 0.0, 0.0, 0.0, 0.0, 0.0, 0.0, 0.0, 0.0, 0.0, 0.0, 0.0, 0.0, 0.0, 0.0, 0.0, 0.0, 0.0, 0.38342045736468666, 0.0, 0.0, 0.0, 0.0, 0.0, 0.0, 0.0, 0.0, 0.0, 0.0, 0.0, 0.0, 0.0, 0.0, 0.0, 0.0, 0.0, 0.0, 0.0, 0.0, 0.0, 0.0, 0.0, 0.0, 0.0, 0.0, 0.0, 0.0, 0.0, 0.0, 0.0, 0.0, 0.0, 0.0, 0.0, 0.0, 0.0, 0.0, 0.0, 0.0, 0.0, 0.0, 0.0, 0.0, 0.0, 0.0, 0.0, 0.0, 0.0, 0.0, 0.0, 0.0, 0.0, 0.0, 0.0, 0.0, 0.0, 0.0, 0.0, 0.0, 0.0, 0.0, 0.0, 0.0, 0.0, 0.0, 0.0, 0.0, 0.0, 0.0, 0.0, 0.3139264137879168, 0.0, 0.0, 0.0, 0.0, 0.0, 0.0, 0.0, 0.0, 0.0, 0.0, 0.0, 0.0, 0.0, 0.0, 0.0, 0.0, 0.0, 0.0, 0.0, 0.0, 0.0, 0.0, 0.0, 0.0, 0.0, 0.0, 0.0, 0.0, 0.0, 0.0, 0.0, 0.0, 0.0, 0.0, 0.0, 0.0, 0.0, 0.0, 0.0, 0.0, 0.0, 0.0, 0.0, 0.0, 0.0, 0.0, 0.0, 0.0, 0.0, 0.0, 0.0, 0.0, 0.0, 0.0, 0.0, 0.0, 0.0, 0.0, 0.0, 0.0, 0.0, 0.0, 0.0, 0.0, 0.0, 0.0, 0.0, 0.0, 0.0, 0.0, 0.0, 0.0, 0.0, 0.0, 0.0, 0.0, 0.0, 0.0, 0.0, 0.0, 0.0, 0.0, 0.0, 0.0, 0.0, 0.0, 0.0, 0.0, 0.0, 0.0, 0.0, 0.0, 0.0, 0.0, 0.0, 0.0, 0.0, 0.0, 0.0, 0.0, 0.0, 0.0, 0.0, 0.0, 0.0, 0.0, 0.0, 0.0, 0.0, 0.0, 0.0, 0.0, 0.0, 0.0, 0.0, 0.0, 0.0, 0.0, 0.0, 0.0, 0.0, 0.0, 0.0, 0.0, 0.0, 0.0, 0.0, 0.0, 0.0, 0.0, 0.0, 0.0, 0.0, 0.0, 0.0, 0.0, 0.0, 0.0, 0.0, 0.0, 0.0, 0.0, 0.0, 0.0, 0.0, 0.0, 0.0, 0.0, 0.0, 0.0, 0.0, 0.0, 0.0, 0.0, 0.0, 0.0, 0.0, 0.0, 0.0, 0.1987564463852108, 0.0, 0.0, 0.0, 0.0, 0.0, 0.0, 0.0, 0.0, 0.0, 0.0, 0.0, 0.0, 0.0, 0.0, 0.0, 0.0, 0.0, 0.0, 0.0, 0.0, 0.0, 0.0, 0.0, 0.0, 0.0, 0.0, 0.4375012822136646, 0.0, 0.0, 0.0, 0.0, 0.0, 0.0, 0.0, 0.0, 0.0, 0.0, 0.0, 0.0, 0.0, 0.0, 0.0, 0.0, 0.0, 0.0, 0.0, 0.0, 0.0, 0.0, 0.25518445518608157, 0.0, 0.0, 0.0, 0.0, 0.0, 0.0, 0.0, 0.0, 0.0, 0.0, 0.0, 0.0, 0.0, 0.0, 0.35739604946239195, 0.0, 0.0, 0.0, 0.0, 0.0, 0.0, 0.0, 0.0, 0.0, 0.0, 0.0, 0.0, 0.0, 0.0, 0.0, 0.0, 0.0, 0.0, 0.0, 0.0, 0.0, 0.0, 0.0, 0.35048966700496137, 0.0, 0.0, 0.0, 0.0, 0.0, 0.0, 0.0, 0.0, 0.0, 0.0, 0.0, 0.0, 0.0, 0.0, 0.0, 0.0, 0.0, 0.0, 0.0, 0.0, 0.0, 0.4558875011064065, 0.0, 0.0, 0.0, 0.0, 0.0, 0.0, 0.0, 0.0]"
https://www.wikihow.com/Make-Money-Online,2372,96,64.0,online|make|want|get|business,"[0.0, 0.0, 0.0, 0.0, 0.0, 0.0, 0.0, 0.0, 0.0, 0.0, 0.0, 0.0, 0.0, 0.0, 0.0, 0.0, 0.0, 0.0, 0.0, 0.0, 0.0, 0.0, 0.0, 0.5676289796215128, 0.0, 0.0, 0.0, 0.0, 0.0, 0.0, 0.0, 0.0, 0.03726919950247795, 0.055103679982357726, 0.0, 0.0, 0.0, 0.0, 0.0, 0.0, 0.0, 0.1182401024190482, 0.0, 0.0, 0.0, 0.0, 0.0, 0.0, 0.0871826803592721, 0.0, 0.0, 0.0, 0.0, 0.0, 0.0, 0.0, 0.0, 0.0, 0.0, 0.0, 0.0, 0.0, 0.0, 0.0, 0.0, 0.0, 0.0, 0.0, 0.0, 0.0, 0.0, 0.0, 0.0, 0.0, 0.0, 0.0, 0.0, 0.0, 0.0, 0.0, 0.0, 0.0, 0.0, 0.0, 0.0, 0.0, 0.0, 0.0, 0.0, 0.0, 0.0, 0.0, 0.0, 0.0, 0.0, 0.0, 0.0, 0.0, 0.0, 0.0, 0.0, 0.07976364178155655, 0.0, 0.0, 0.03661709515962893, 0.0, 0.0, 0.0, 0.0, 0.0, 0.0, 0.0, 0.0, 0.0, 0.0, 0.0, 0.0, 0.08505191758144676, 0.0, 0.0, 0.0, 0.0, 0.0, 0.0, 0.0, 0.0, 0.0, 0.0, 0.0, 0.0, 0.0, 0.0, 0.0, 0.0, 0.0, 0.0, 0.0, 0.0, 0.0, 0.0, 0.0, 0.0, 0.0, 0.0, 0.0, 0.0, 0.0, 0.0, 0.0, 0.0, 0.0, 0.0, 0.0, 0.0, 0.0, 0.0, 0.0, 0.0651076822605931, 0.0, 0.0, 0.0, 0.0, 0.0, 0.0, 0.0, 0.0, 0.0, 0.0, 0.0, 0.07084758854874566, 0.0, 0.0, 0.0, 0.0, 0.0, 0.0, 0.0, 0.0, 0.0, 0.0, 0.0, 0.0, 0.046322312724532924, 0.0, 0.0, 0.0, 0.0, 0.0, 0.0, 0.08518374972582682, 0.0, 0.15220188466632248, 0.0, 0.0, 0.0, 0.0, 0.0, 0.08176383334126, 0.0, 0.0, 0.0, 0.0, 0.0, 0.0, 0.0, 0.0, 0.0, 0.0, 0.0, 0.0, 0.5620807055473427, 0.0, 0.0, 0.0, 0.0, 0.0, 0.0, 0.0, 0.0, 0.0, 0.0, 0.0, 0.0, 0.39505351472626626, 0.10217321633187229, 0.0, 0.0, 0.0, 0.0, 0.0, 0.09921766236083099, 0.0, 0.0, 0.0, 0.0, 0.0, 0.0, 0.0, 0.0, 0.0, 0.0, 0.0, 0.0, 0.0, 0.0, 0.0, 0.0, 0.0, 0.0, 0.0, 0.0, 0.0, 0.0, 0.0, 0.0, 0.0, 0.0, 0.0, 0.0, 0.0, 0.0, 0.0, 0.0, 0.0, 0.0, 0.0, 0.0, 0.0, 0.0, 0.0, 0.0, 0.0, 0.0, 0.09392332906379922, 0.0, 0.0, 0.0, 0.0, 0.0, 0.0, 0.0, 0.0, 0.0, 0.0, 0.0, 0.0, 0.0, 0.0, 0.0, 0.0, 0.0, 0.0, 0.0, 0.0, 0.0, 0.0, 0.0, 0.055103679982357726, 0.0, 0.0, 0.0, 0.0, 0.0, 0.0, 0.0, 0.0, 0.0, 0.0, 0.0, 0.0, 0.0, 0.0, 0.0, 0.0, 0.0, 0.0, 0.0, 0.0, 0.0, 0.0, 0.0, 0.0, 0.05953634230701273, 0.0, 0.0, 0.0, 0.0, 0.0, 0.0, 0.0, 0.0, 0.0, 0.0, 0.0, 0.0, 0.0, 0.0, 0.0, 0.0, 0.0, 0.0, 0.0, 0.060543216601053704, 0.10170806866211365, 0.0, 0.0, 0.0, 0.0, 0.0, 0.0, 0.0, 0.0, 0.0, 0.0, 0.0, 0.0, 0.0, 0.0, 0.0, 0.0, 0.0, 0.0, 0.0, 0.0, 0.0, 0.0, 0.0, 0.0, 0.0, 0.0, 0.0, 0.0, 0.130822133346016, 0.0, 0.13608306813031482, 0.0, 0.05614944563407813, 0.13890472730516337, 0.0, 0.0, 0.0, 0.0, 0.09254152725314357, 0.0]"
https://en.wikipedia.org/wiki/Search_engine_optimization,3189,148,42.51,search|google|seo|content|traffic,"[0.014818818471245833, 0.007409409235622917, 0.0, 0.0, 0.0, 0.0, 0.008169590843859854, 0.0, 0.0, 0.009166990441807613, 0.02663259220672277, 0.0, 0.05874021210223115, 0.07165842447925266, 0.0, 0.025174376615241918, 0.014488919401259494, 0.0, 0.007962047164361408, 0.0, 0.0, 0.0, 0.013316296103361385, 0.008887178307591516, 0.0, 0.0, 0.0, 0.01633918168771971, 0.0, 0.0, 0.007583279194910803, 0.005940560587949033, 0.005835114718430588, 0.0061624286158364835, 0.0, 0.016782917743494614, 0.009166990441807613, 0.0, 0.0061624286158364835, 0.029637636942491666, 0.0, 0.005444841152104823, 0.005940560587949033, 0.0, 0.0, 0.025174376615241918, 0.0, 0.0, 0.0, 0.0, 0.0, 0.014175119518133186, 0.019624618901643253, 0.0, 0.02588932828828226, 0.0, 0.0, 0.03200372920091633, 0.011881121175898067, 0.0, 0.0, 0.0, 0.0, 0.0, 0.0, 0.0, 0.12704121291173703, 0.0, 0.0, 0.0, 0.0, 0.013053744473796172, 0.0, 0.0, 0.0, 0.0, 0.0, 0.015046288334156771, 0.0, 0.007409409235622917, 0.0, 0.0, 0.0, 0.0, 0.0, 0.007087559759066593, 0.0, 0.0, 0.0, 0.017259552192188173, 0.0, 0.007087559759066593, 0.006658148051680693, 0.020387386910010203, 0.007583279194910803, 0.013053744473796172, 0.013875920371793578, 0.0, 0.0, 0.0, 0.007583279194910803, 0.0, 0.007244459700629747, 0.009166990441807613, 0.0, 0.0, 0.0, 0.0, 0.0, 0.2718481445731266, 0.2640810547281801, 0.013316296103361385, 0.0, 0.0, 0.0, 0.0061624286158364835, 0.0, 0.01997444415504208, 0.0, 0.0, 0.04084795421929927, 0.0, 0.0, 0.0, 0.0, 0.0, 0.0, 0.0, 0.0, 0.0, 0.014488919401259494, 0.01997444415504208, 0.007409409235622917, 0.0, 0.006279380082230089, 0.008629776096094086, 0.0, 0.007767089844946475, 0.017259552192188173, 0.0, 0.0, 0.0, 0.3815878102243234, 0.0, 0.023340458873722353, 0.005940560587949033, 0.01883814024669027, 0.01633918168771971, 0.007767089844946475, 0.015924094328722816, 0.0, 0.0, 0.02222822770686875, 0.025117520328920357, 0.04162776111538074, 0.012099163134451146, 0.02081388055769037, 0.020387386910010203, 0.0, 0.0310683593797859, 0.0, 0.01606274681699994, 0.0, 0.0, 0.0, 0.0, 0.007583279194910803, 0.013316296103361385, 0.0, 0.01848728584750945, 0.012099163134451146, 0.0, 0.0, 0.035437798795332966, 0.006795011723466474, 0.0, 0.0, 0.0, 0.005733016908450584, 0.0, 0.0, 0.01958061671069426, 0.0, 0.007767089844946475, 0.0, 0.045499675169464814, 0.10620468097017813, 0.0, 0.006526872236898086, 0.0, 0.0, 0.025901894898560478, 0.007087559759066593, 0.006400745840183264, 0.0, 0.0, 0.0, 0.0, 0.10355731315312904, 0.018946979913081138, 0.02663259220672277, 0.01553417968989295, 0.014175119518133186, 0.0, 0.0, 0.03622229850314873, 0.0, 0.062441641673071105, 0.0, 0.01633918168771971, 0.0, 0.0, 0.0, 0.0178216817638471, 0.010360757959424191, 0.007409409235622917, 0.0, 0.006526872236898086, 0.0, 0.0, 0.0051803789797120955, 0.01958061671069426, 0.0, 0.005835114718430588, 0.0, 0.07583279194910804, 0.009166990441807613, 0.0310683593797859, 0.0, 0.0, 0.17087597658882245, 0.18312708478031237, 0.0, 0.0, 0.01958061671069426, 0.007087559759066593, 0.0, 0.006658148051680693, 0.0, 0.0, 0.0, 0.0, 0.0, 0.006937960185896789, 0.01553417968989295, 0.0, 0.0, 0.0, 0.008169590843859854, 0.0, 0.01633918168771971, 0.0, 0.007244459700629747, 0.0, 0.0, 0.0, 0.03184818865744563, 0.0, 0.0, 0.0, 0.006795011723466474, 0.006400745840183264, 0.009166990441807613, 0.0, 0.006049581567225573, 0.0, 0.0, 0.0, 0.02081388055769037, 0.013875920371793578, 0.0, 0.0, 0.04252535855439955, 0.008169590843859854, 0.007962047164361408, 0.0, 0.0, 0.007409409235622917, 0.007087559759066593, 0.007767089844946475, 0.02124097825531626, 0.0, 0.028977838802518988, 0.0, 0.007409409235622917, 0.0, 0.0, 0.0, 0.015166558389821606, 0.15213365371322468, 0.0, 0.006658148051680693, 0.006937960185896789, 0.008391458871747307, 0.0, 0.0, 0.0, 0.6408925760469943, 0.0, 0.0, 0.016782917743494614, 0.0, 0.0, 0.21574440240235218, 0.01062048912765813, 0.017505344155291765, 0.0, 0.0, 0.0, 0.007583279194910803, 0.014818818471245833, 0.009166990441807613, 0.0, 0.11114113853434376, 0.03883544922473238, 0.01997444415504208, 0.013053744473796172, 0.007583279194910803, 0.0, 0.0, 0.0, 0.01958061671069426, 0.0, 0.0, 0.007409409235622917, 0.0, 0.009812309450821627, 0.0, 0.01553417968989295, 0.0, 0.0, 0.027180046893865897, 0.0, 0.0, 0.051865864649360424, 0.0, 0.007087559759066593, 0.014818818471245833, 0.013875920371793578, 0.0, 0.0, 0.0, 0.02633069509630652, 0.0, 0.0, 0.013053744473796172, 0.009166990441807613, 0.007087559759066593, 0.0, 0.10406940278845184, 0.0, 0.006937960185896789, 0.0, 0.0, 0.0, 0.006937960185896789, 0.013316296103361385, 0.007767089844946475, 0.0, 0.031961870272889555, 0.030247907836127866, 0.06534616646743936, 0.054448411521048234, 0.013316296103361385, 0.03510800611303247, 0.0, 0.0, 0.0, 0.006795011723466474, 0.0, 0.0, 0.0, 0.006400745840183264, 0.022536244292864303, 0.013316296103361385, 0.12488328334614221, 0.10047008131568143, 0.06990380860451828, 0.0, 0.005444841152104823, 0.0, 0.0, 0.02173337910188924, 0.0]"
https://simple.wikipedia.org/wiki/Search_engine_optimization,400,23,45.35,seo|search|website|ai|customers,"[0.0, 0.0, 0.0, 0.0, 0.0, 0.0, 0.0, 0.0, 0.0, 0.0, 0.07637872991372642, 0.0, 0.0, 0.0, 0.0, 0.0, 0.0, 0.0, 0.0, 0.0, 0.0, 0.0, 0.0, 0.0, 0.0, 0.0, 0.0, 0.0, 0.0, 0.0, 0.0, 0.0, 0.0, 0.0, 0.0, 0.048131174447641145, 0.0, 0.0, 0.0, 0.0, 0.0, 0.0, 0.03407347427251583, 0.14439352334292344, 0.0, 0.0, 0.0, 0.0, 0.0, 0.0, 0.0, 0.04065235620950895, 0.0, 0.0, 0.0, 0.0, 0.0, 0.03671297438710145, 0.0, 0.0, 0.0, 0.0, 0.0, 0.0, 0.0, 0.0, 0.03469878959041349, 0.0, 0.0, 0.0, 0.0, 0.0, 0.0, 0.0, 0.07069210044717796, 0.0, 0.0, 0.028767168286595847, 0.0, 0.0, 0.0, 0.0, 0.0, 0.0, 0.0, 0.0, 0.0, 0.0, 0.0, 0.0, 0.0, 0.0, 0.0, 0.0, 0.0, 0.0, 0.0, 0.0, 0.0, 0.0, 0.0, 0.0, 0.0, 0.0, 0.0, 0.0, 0.0, 0.0, 0.0, 0.35639967923697, 0.13364987971386375, 0.0, 0.0, 0.0, 0.0, 0.0, 0.0, 0.0, 0.0, 0.0, 0.0, 0.0, 0.0, 0.0, 0.0, 0.0, 0.0, 0.04949809861115362, 0.0, 0.0, 0.0, 0.0, 0.0, 0.0, 0.0, 0.0, 0.0, 0.0, 0.04949809861115362, 0.04155229251064802, 0.0, 0.0, 0.0, 0.0, 0.0, 0.0, 0.0, 0.09371719699313599, 0.0, 0.0, 0.0, 0.0, 0.0, 0.0, 0.0, 0.03469878959041349, 0.039794292878260196, 0.0, 0.0, 0.0, 0.0, 0.030710546718731024, 0.0, 0.0, 0.0, 0.0, 0.0, 0.0, 0.0, 0.0, 0.03469878959041349, 0.0, 0.0, 0.04065235620950895, 0.0, 0.0, 0.0, 0.0, 0.0, 0.0, 0.0, 0.0, 0.0, 0.0, 0.0, 0.0, 0.046858598496567996, 0.0, 0.0, 0.0, 0.0, 0.0, 0.0, 0.0, 0.0, 0.0, 0.0, 0.0, 0.0, 0.0, 0.03818936495686321, 0.0, 0.04065235620950895, 0.0, 0.0, 0.04155229251064802, 0.0, 0.0, 0.0, 0.046858598496567996, 0.0, 0.0, 0.0, 0.0, 0.0, 0.0, 0.0, 0.0, 0.0, 0.0, 0.029713274913006626, 0.0, 0.04065235620950895, 0.06693732966513392, 0.0, 0.217478354713916, 0.0, 0.0, 0.0, 0.0, 0.13364987971386375, 0.0456681831949954, 0.0, 0.0, 0.0, 0.04065235620950895, 0.0, 0.0, 0.0, 0.039794292878260196, 0.0, 0.0, 0.0, 0.0, 0.0, 0.0, 0.0, 0.0, 0.0, 0.0, 0.0, 0.0, 0.0, 0.0, 0.0, 0.0, 0.0, 0.0, 0.0, 0.0, 0.0, 0.03671297438710145, 0.0, 0.0, 0.0, 0.0, 0.0, 0.0, 0.0, 0.0, 0.0, 0.0, 0.0, 0.0, 0.0, 0.0, 0.0, 0.04249839913705879, 0.0, 0.04454995990462125, 0.06091629867169332, 0.0, 0.0, 0.0, 0.0, 0.0, 0.0, 0.0, 0.13048701282834957, 0.16620917004259209, 0.0, 0.0, 0.039794292878260196, 0.0, 0.0, 0.0, 0.0, 0.49484470313024564, 0.0, 0.0, 0.0, 0.0, 0.0, 0.5939771833338434, 0.0, 0.0, 0.0, 0.0, 0.04349567094278319, 0.0, 0.0, 0.0, 0.0, 0.04249839913705879, 0.0, 0.03818936495686321, 0.0, 0.0, 0.0, 0.0, 0.0, 0.0, 0.0, 0.0, 0.04249839913705879, 0.0, 0.0, 0.0, 0.04454995990462125, 0.0, 0.0, 0.0, 0.0, 0.0, 0.12749519741117638, 0.0, 0.0, 0.04249839913705879, 0.0, 0.0, 0.0, 0.0, 0.0, 0.0, 0.0, 0.0, 0.0, 0.0, 0.0734259487742029, 0.0, 0.0, 0.0, 0.0, 0.0, 0.0, 0.0, 0.0, 0.0, 0.0, 0.0, 0.06939757918082698, 0.03407347427251583, 0.0, 0.0, 0.028767168286595847, 0.0, 0.0, 0.0, 0.0, 0.0, 0.0, 0.0, 0.0, 0.0, 0.0, 0.039794292878260196, 0.10805055811395302, 0.0, 0.0, 0.031230159539241596, 0.0, 0.0, 0.0, 0.0]"
https://en.wikipedia.org/wiki/Content_marketing,1274,62,34.05,content marketing|content|marketing|digital|online,"[0.0, 0.0, 0.0, 0.0, 0.01435445966430527, 0.0, 0.03876964412791469, 0.0, 0.0, 0.0, 0.0, 0.0, 0.0, 0.0, 0.0, 0.0, 0.0, 0.0, 0.0, 0.0, 0.0, 0.0, 0.01579846747824824, 0.0, 0.0, 0.0, 0.0, 0.058154466191872034, 0.0, 0.0, 0.0, 0.0, 0.0, 0.014622223374823204, 0.019911270979757315, 0.11946762587854388, 0.0, 0.0, 0.014622223374823204, 0.0, 0.0, 0.064597651777991, 0.08457464675413942, 0.0, 0.016817376466341814, 0.0, 0.1393788968583012, 0.03363475293268363, 0.0, 0.0, 0.0, 0.03363475293268363, 0.0, 0.0, 0.0, 0.0, 0.03437933794487747, 0.13668932680225987, 0.028191548918046472, 0.016817376466341814, 0.0, 0.019384822063957346, 0.0, 0.0, 0.21751453894413253, 0.0, 0.6028873059008213, 0.0, 0.0, 0.0, 0.02870891932861054, 0.07743487976606866, 0.0, 0.04938721886843742, 0.11697778699858563, 0.0, 0.0, 0.0, 0.0, 0.0, 0.0, 0.0, 0.0, 0.0, 0.0, 0.0, 0.0, 0.0, 0.0, 0.020476750582962982, 0.0, 0.0, 0.0, 0.10884427618152037, 0.0, 0.17035673548535102, 0.0, 0.0, 0.0, 0.0, 0.0, 0.0, 0.0, 0.0, 0.01360331438672963, 0.019384822063957346, 0.0, 0.017189668972438735, 0.0, 0.0, 0.0368595337212558, 0.0, 0.0, 0.0, 0.0, 0.058488893499292816, 0.056677085974991215, 0.047395402434744716, 0.0, 0.0, 0.0, 0.0, 0.0, 0.0, 0.0, 0.0, 0.0, 0.0, 0.0, 0.0, 0.0, 0.01579846747824824, 0.12306743099341372, 0.0, 0.029799452112702705, 0.020476750582962982, 0.0, 0.0368595337212558, 0.0, 0.017189668972438735, 0.05973381293927194, 0.016817376466341814, 0.0, 0.0, 0.0, 0.014095774459023236, 0.014899726056351353, 0.0, 0.0, 0.0, 0.0515690069173162, 0.0, 0.017581061570487673, 0.029799452112702705, 0.01646240628947914, 0.02870891932861054, 0.0, 0.03628142539384012, 0.0, 0.0, 0.0, 0.05081829185933097, 0.0, 0.0, 0.0, 0.0, 0.0, 0.01579846747824824, 0.0, 0.014622223374823204, 0.0, 0.0, 0.0, 0.0, 0.01612321788194578, 0.0, 0.0, 0.021751453894413252, 0.0, 0.0, 0.0, 0.04646092785964119, 0.012292013965553565, 0.0, 0.0, 0.0, 0.0, 0.0, 0.03097395190642746, 0.0, 0.0, 0.012292013965553565, 0.0, 0.015187702978028874, 0.0, 0.0, 0.017189668972438735, 0.015187702978028874, 0.0, 0.08991486630949139, 0.5055509593039437, 0.0, 0.10090425879805089, 0.0, 0.055289300581883694, 0.0, 0.0843500603327294, 0.0, 0.055289300581883694, 0.0, 0.0, 0.0, 0.0, 0.028191548918046472, 0.012292013965553565, 0.017581061570487673, 0.03097395190642746, 0.04646092785964119, 0.017993620569766854, 0.0, 0.06146006982776782, 0.04646092785964119, 0.0, 0.12461015053417565, 0.02108751508318235, 0.0, 0.0, 0.0184297668606279, 0.0, 0.03598724113953371, 0.0921488343031395, 0.01889236199166374, 0.0, 0.0, 0.0, 0.0, 0.0, 0.0, 0.0, 0.0, 0.0, 0.0, 0.0, 0.03292481257895828, 0.0, 0.019911270979757315, 0.017993620569766854, 0.0, 0.03876964412791469, 0.0, 0.019384822063957346, 0.0, 0.0, 0.0, 0.0, 0.0, 0.0, 0.0, 0.0, 0.0, 0.0, 0.060750811912115496, 0.0, 0.0737190674425116, 0.05741783865722108, 0.0, 0.0, 0.0, 0.01646240628947914, 0.0, 0.0, 0.040953501165925964, 0.016817376466341814, 0.0, 0.0, 0.0, 0.020476750582962982, 0.05274318471146301, 0.0, 0.0, 0.0, 0.0, 0.017189668972438735, 0.019384822063957346, 0.0, 0.0, 0.0, 0.0, 0.0, 0.017189668972438735, 0.0, 0.0, 0.0, 0.0, 0.058154466191872034, 0.0, 0.0, 0.058488893499292816, 0.0, 0.0, 0.0, 0.0, 0.0, 0.0, 0.0, 0.06922786140787536, 0.06922786140787536, 0.01579846747824824, 0.053980861709300554, 0.0, 0.0, 0.0, 0.0, 0.0, 0.0368595337212558, 0.047395402434744716, 0.0, 0.0, 0.0, 0.0, 0.019384822063957346, 0.0, 0.0, 0.0, 0.017581061570487673, 0.05274318471146301, 0.0, 0.03876964412791469, 0.0184297668606279, 0.0, 0.0, 0.0, 0.0, 0.0, 0.017581061570487673, 0.0, 0.016817376466341814, 0.0, 0.0, 0.01889236199166374, 0.0, 0.0, 0.02499101112980889, 0.0, 0.01548697595321373, 0.0, 0.0, 0.0, 0.09112621786817324, 0.01646240628947914, 0.0, 0.0, 0.0, 0.0, 0.01435445966430527, 0.0, 0.01579846747824824, 0.0, 0.0, 0.032502510831035, 0.07177229832152635, 0.04228732337706971, 0.025839060711196397, 0.01579846747824824, 0.011900621367504624, 0.0, 0.0, 0.0, 0.01612321788194578, 0.0, 0.0, 0.0, 0.060750811912115496, 0.0, 0.03159693495649648, 0.0, 0.014899726056351353, 0.0368595337212558, 0.0, 0.0, 0.0, 0.020476750582962982, 0.0, 0.0]"
https://simple.wikipedia.org/wiki/Content_marketing,166,11,49.01,content marketing|marketing|content|people|company,"[0.0, 0.0, 0.0, 0.0, 0.0, 0.0, 0.09288576838870702, 0.09540834052788606, 0.0, 0.10422589910230266, 0.0, 0.0, 0.0, 0.0, 0.0, 0.0, 0.0, 0.0, 0.0, 0.0, 0.0, 0.0, 0.0, 0.0, 0.0, 0.0, 0.0, 0.0, 0.0, 0.0, 0.0, 0.0, 0.0, 0.0, 0.09540834052788606, 0.0, 0.0, 0.0, 0.07006494303845547, 0.0, 0.0, 0.06190619136670991, 0.13508474179855287, 0.0, 0.0, 0.0, 0.0, 0.0, 0.0, 0.0, 0.0, 0.0, 0.0, 0.0, 0.0, 0.0, 0.0, 0.07277453754897516, 0.20262711269782932, 0.0, 0.0, 0.0, 0.0, 0.0, 0.0, 0.0, 0.48147334441720013, 0.0, 0.0, 0.0, 0.0, 0.07420855639971848, 0.0, 0.0, 0.14012988607691093, 0.0, 0.0, 0.0, 0.0, 0.0, 0.0, 0.0, 0.0, 0.0, 0.0, 0.0, 0.0, 0.0, 0.0, 0.0, 0.0, 0.0, 0.0, 0.05794960037678756, 0.0, 0.0, 0.0, 0.0, 0.0, 0.0, 0.0, 0.0, 0.0, 0.0, 0.0, 0.0, 0.0, 0.0, 0.0, 0.0, 0.0, 0.0, 0.0, 0.0, 0.0, 0.07006494303845547, 0.0, 0.0, 0.09811793503840574, 0.0, 0.0, 0.0, 0.0, 0.0, 0.0, 0.0, 0.0, 0.09811793503840574, 0.0, 0.0, 0.0, 0.0, 0.0, 0.0, 0.0, 0.0, 0.0, 0.0, 0.0, 0.08236730807146403, 0.0, 0.0, 0.0, 0.0, 0.0, 0.13508474179855287, 0.0, 0.0, 0.0, 0.0, 0.0, 0.0, 0.0, 0.0, 0.0, 0.0, 0.0, 0.0, 0.0, 0.0, 0.0, 0.060876185398834395, 0.0, 0.0, 0.15451444196102584, 0.0, 0.0, 0.0, 0.0, 0.07006494303845547, 0.0, 0.0, 0.0, 0.0, 0.0, 0.0, 0.0, 0.0, 0.0, 0.0, 0.0, 0.0, 0.0, 0.08830945419184726, 0.0, 0.0, 0.0, 0.0, 0.0, 0.0, 0.0, 0.0, 0.0, 0.0, 0.0, 0.0, 0.0, 0.0, 0.0, 0.0, 0.5299078579971539, 0.0, 0.0, 0.0, 0.08830945419184726, 0.0, 0.0, 0.0, 0.0, 0.0, 0.0, 0.0, 0.0, 0.0, 0.0, 0.0, 0.0, 0.0, 0.0, 0.0, 0.0, 0.0, 0.0, 0.0, 0.0, 0.0, 0.0, 0.0, 0.0, 0.0, 0.0, 0.0, 0.0, 0.0, 0.2968342255988739, 0.0, 0.0, 0.0, 0.0, 0.0, 0.0, 0.0, 0.0, 0.0, 0.08830945419184726, 0.0, 0.0, 0.0, 0.18577153677741404, 0.0, 0.0, 0.0, 0.0, 0.0, 0.0, 0.0, 0.0, 0.0, 0.0, 0.0, 0.0, 0.0, 0.0, 0.08830945419184726, 0.13756381269062862, 0.0, 0.0, 0.0, 0.0, 0.0, 0.0, 0.0, 0.0, 0.0, 0.0, 0.0, 0.0, 0.0, 0.0, 0.0, 0.0, 0.0, 0.0, 0.0, 0.0, 0.0, 0.0, 0.0, 0.0, 0.0, 0.0, 0.0, 0.0, 0.0, 0.09288576838870702, 0.0, 0.0, 0.0, 0.0, 0.0, 0.0, 0.0, 0.0, 0.0, 0.0, 0.0, 0.0, 0.0, 0.0, 0.0, 0.0, 0.0, 0.0, 0.0, 0.0, 0.0, 0.0, 0.0, 0.09540834052788606, 0.0, 0.0, 0.0, 0.0, 0.0, 0.0, 0.0, 0.0, 0.0, 0.0, 0.0, 0.0, 0.0, 0.0, 0.0, 0.0, 0.0, 0.0, 0.0, 0.0, 0.0, 0.0, 0.0, 0.0, 0.0, 0.0, 0.0, 0.0, 0.0, 0.14554907509795031, 0.0, 0.0, 0.15776500322574413, 0.0, 0.14554907509795031, 0.0, 0.0, 0.0, 0.0, 0.0, 0.05191382349108232, 0.0, 0.0, 0.0, 0.0, 0.0, 0.0, 0.0, 0.0, 0.0, 0.0, 0.0, 0.0, 0.0, 0.0, 0.07570112257102198, 0.0, 0.0, 0.0, 0.0, 0.0, 0.0, 0.0, 0.0, 0.0]"
https://en.wikipedia.org/wiki/Machine_learning,7744,364,17.03,learning|machine learning|machine|data|algorithms,"[0.01802308601233673, 0.0, 0.0, 0.007746942101005608, 0.005886144250235188, 0.012970619434106262, 0.0039744393589863855, 0.0, 0.0, 0.0, 0.10365231230916598, 0.0, 0.08981227961662194, 0.17043272622212338, 0.0, 0.0, 0.010573111794361307, 0.0, 0.046481652606033645, 0.0035243705981204358, 0.011620413151508411, 0.027584320442949766, 0.025913078077291495, 0.004323539811368754, 0.0936529888149611, 0.0, 0.0, 0.0, 0.0, 0.0036892035205273875, 0.0, 0.06936082337469766, 0.019871150258391555, 0.011991885178011084, 0.0, 0.0, 0.0, 0.0, 0.008993913883508313, 0.0036046172024673455, 0.014097482392481743, 0.005297741684240806, 0.0, 0.04082376346210088, 0.0, 0.0, 0.0, 0.0, 0.0, 0.0, 0.0941996459419923, 0.0, 0.0, 0.01475681408210955, 0.0, 0.016528589102364075, 0.0, 0.0, 0.002890034307279069, 0.013792160221474883, 0.024136280387581047, 0.007948878717972771, 0.0, 0.0036046172024673455, 0.0, 0.0, 0.0, 0.0034480400553687208, 0.0, 0.0, 0.0, 0.0, 0.0035243705981204358, 0.006750522164676899, 0.002997971294502771, 0.0, 0.004082376346210088, 0.23911662354848567, 0.016223834589228214, 0.0036046172024673455, 0.06359102974378217, 0.027821075512904702, 0.03026477867958128, 0.007557251807228521, 0.0, 0.010344120166106164, 0.0, 0.013378998402137299, 0.04371883294885025, 0.008396631466882942, 0.0, 0.0, 0.006478269519322874, 0.02231616951803509, 0.0036892035205273875, 0.0, 0.010125783247015348, 0.0, 0.0, 0.0, 0.0036892035205273875, 0.0, 0.010573111794361307, 0.0, 0.008367197996386461, 0.0039744393589863855, 0.0, 0.0, 0.0, 0.0037786259036142605, 0.0, 0.0, 0.0, 0.0, 0.004608775649827753, 0.05995942589005543, 0.07359594995955328, 0.006478269519322874, 0.0, 0.0, 0.007948878717972771, 0.0036046172024673455, 0.0, 0.0, 0.0, 0.0, 0.03712787190572295, 0.07556968320194649, 0.004082376346210088, 0.0, 0.0070487411962408715, 0.006478269519322874, 0.010813851607402038, 0.009915752204420243, 0.0, 0.012594947200324414, 0.023240826303016823, 0.007557251807228521, 0.04618147306785619, 0.01762185299060218, 0.004082376346210088, 0.0068960801107374415, 0.010125783247015348, 0.0, 0.005677471502397588, 0.0, 0.021384070607802143, 0.027821075512904702, 0.0, 0.042608181555530845, 0.014097482392481743, 0.031795514871891084, 0.0036046172024673455, 0.0, 0.013501044329353798, 0.008829216375352783, 0.006750522164676899, 0.009918297563571151, 0.0, 0.0, 0.0, 0.013023992344100354, 0.004198315733441471, 0.09069856287245938, 0.013222871281891263, 0.0, 0.033202831684746484, 0.0, 0.0, 0.005995942589005542, 0.014715360625587969, 0.0, 0.039650789227140805, 0.027584320442949766, 0.03305717820472815, 0.023868042861173524, 0.011923318076959157, 0.0, 0.027890659987954872, 0.6872522666334849, 0.0, 0.006350540291476136, 0.020161697206080235, 0.011335877710842782, 0.012970619434106262, 0.0, 0.0, 0.0, 0.0, 0.007209234404934691, 0.43454197891564, 0.022681909356840262, 0.010344120166106164, 0.021797374772139083, 0.0, 0.0, 0.0, 0.0, 0.0, 0.0, 0.003239134759661437, 0.015114503614457042, 0.0034480400553687208, 0.0, 0.0, 0.07401178256052915, 0.0, 0.0033752610823384495, 0.1624809138554132, 0.11128430205161881, 0.0, 0.0, 0.0, 0.020230240150953482, 0.005040424301520059, 0.0036046172024673455, 0.003175270145738068, 0.02857743131164261, 0.0590272563284382, 0.0919350626722932, 0.030242545809120353, 0.01587635072869034, 0.0034480400553687208, 0.0, 0.0, 0.0, 0.0, 0.015114503614457042, 0.0036892035205273875, 0.0, 0.0, 0.0, 0.004608775649827753, 0.0401369952064119, 0.019051620874428406, 0.041376480664424654, 0.004459666134045767, 0.003239134759661437, 0.0, 0.0, 0.0037786259036142605, 0.0, 0.0, 0.0, 0.007557251807228521, 0.0326590107696807, 0.011067610561582161, 0.011067610561582161, 0.0039744393589863855, 0.009917153461418447, 0.0, 0.0, 0.0, 0.04462088491989109, 0.05530530779793304, 0.02066712559166962, 0.0, 0.0, 0.0, 0.02041188173105044, 0.0429743316661466, 0.037366928180809854, 0.0401369952064119, 0.0, 0.002943072125117594, 0.0293882101340903, 0.0, 0.0, 0.006750522164676899, 0.0033752610823384495, 0.0, 0.0, 0.0, 0.0039744393589863855, 0.011620413151508411, 0.0, 0.008396631466882942, 0.0, 0.010344120166106164, 0.0, 0.01033356279583481, 0.07030328321998892, 0.0035243705981204358, 0.0, 0.04325540642960815, 0.006611435640945631, 0.0, 0.007948878717972771, 0.01844601760263694, 0.014097482392481743, 0.0, 0.003239134759661437, 0.010125783247015348, 0.04490613980831097, 0.0039744393589863855, 0.0, 0.0, 0.005995942589005542, 0.0, 0.0, 0.0, 0.006750522164676899, 0.0, 0.0, 0.0, 0.002838735751198794, 0.005677471502397588, 0.10365231230916598, 0.0, 0.01844601760263694, 0.0, 0.0, 0.015493884202011216, 0.0, 0.0, 0.006478269519322874, 0.02857743131164261, 0.007378407041054775, 0.012247129038630265, 0.0, 0.0, 0.022226891020166475, 0.0, 0.010813851607402038, 0.0036046172024673455, 0.0036046172024673455, 0.004773608572234704, 0.0039744393589863855, 0.007557251807228521, 0.006350540291476136, 0.07773923423187448, 0.013222871281891263, 0.0036892035205273875, 0.007557251807228521, 0.05406925803701019, 0.0039744393589863855, 0.0068960801107374415, 0.010813851607402038, 0.006750522164676899, 0.003873471050502804, 0.0, 0.0, 0.03074320453212425, 0.003873471050502804, 0.003175270145738068, 0.009525810437214203, 0.004459666134045767, 0.0, 0.0031139106817341545, 0.0, 0.16970336194425983, 0.0, 0.0, 0.012455642726936618, 0.011772288500470376, 0.027002088658707596, 0.006478269519322874, 0.0, 0.0, 0.022213127687654984, 0.1000644522539982, 0.005780068614558138, 0.015893225052722417, 0.00971740427898431, 0.029279586556957428, 0.010573111794361307, 0.014320825716704113, 0.0, 0.009917153461418447, 0.0036046172024673455, 0.0, 0.0, 0.0, 0.01096369916598833, 0.0, 0.0, 0.0, 0.0, 0.0, 0.010595483368481613, 0.008993913883508313, 0.0, 0.0035243705981204358, 0.0]"
https://simple.wikipedia.org/wiki/Machine_learning,324,29,43.59,machine|machine learning|learning|data|example,"[0.1302808318268522, 0.0, 0.0, 0.0, 0.0, 0.0, 0.0, 0.0, 0.0, 0.0, 0.0, 0.0, 0.0, 0.139997953228241, 0.0, 0.0, 0.0, 0.0, 0.0, 0.0, 0.0, 0.0, 0.0, 0.0, 0.0, 0.0, 0.0, 0.0, 0.0, 0.0, 0.0, 0.10445383029929892, 0.0, 0.0, 0.0, 0.0, 0.0, 0.0, 0.05417748572213116, 0.0, 0.0, 0.0, 0.0, 0.0, 0.0, 0.0, 0.0, 0.0, 0.0, 0.0, 0.0, 0.0, 0.0, 0.0, 0.0, 0.0, 0.0, 0.0, 0.0, 0.12462170082256105, 0.31155425205640264, 0.0, 0.0, 0.0, 0.0, 0.0, 0.0, 0.062310850411280524, 0.0, 0.0, 0.05318538183808927, 0.0, 0.0, 0.0, 0.0, 0.0, 0.0, 0.22046775230250043, 0.0, 0.0, 0.0, 0.0718236135281855, 0.0, 0.0, 0.0, 0.0, 0.0, 0.0, 0.0718236135281855, 0.0, 0.0, 0.0, 0.0, 0.08961867407195209, 0.0, 0.0, 0.0, 0.0, 0.0, 0.06828499369480781, 0.0, 0.0, 0.0, 0.0, 0.0, 0.0, 0.0, 0.0, 0.0, 0.0, 0.0, 0.0, 0.0, 0.0, 0.0, 0.16253245716639347, 0.0699989766141205, 0.0, 0.0, 0.0, 0.0, 0.0, 0.0, 0.0, 0.0, 0.0, 0.0, 0.0, 0.0, 0.0, 0.0, 0.0, 0.0, 0.0, 0.0, 0.07586936910389876, 0.0, 0.0, 0.0, 0.0, 0.0, 0.0, 0.0, 0.0, 0.0, 0.0, 0.0, 0.0, 0.0, 0.0699989766141205, 0.06369024883903612, 0.0, 0.0, 0.0, 0.0, 0.0, 0.0, 0.0, 0.0, 0.0, 0.0, 0.0, 0.0, 0.1725314119848385, 0.0, 0.0, 0.06666900761388321, 0.0, 0.0, 0.0, 0.0, 0.0, 0.0, 0.0, 0.0, 0.0, 0.0, 0.0, 0.050402278235584456, 0.3821414930342168, 0.0, 0.0, 0.0, 0.0, 0.0, 0.0, 0.0, 0.0, 0.0, 0.0651404159134261, 0.5462799495584625, 0.09108743506978015, 0.0, 0.0, 0.0718236135281855, 0.0, 0.0, 0.0, 0.0, 0.0, 0.0, 0.0, 0.0, 0.0, 0.0, 0.0, 0.0, 0.0, 0.06828499369480781, 0.0718236135281855, 0.0, 0.0, 0.0, 0.0, 0.0, 0.0, 0.0, 0.0, 0.0, 0.09772903968180592, 0.0, 0.0, 0.0, 0.0, 0.0, 0.0, 0.0, 0.0, 0.0, 0.0, 0.0, 0.0, 0.16657389443514434, 0.16118466427331768, 0.0, 0.0, 0.0, 0.0, 0.0, 0.0, 0.0, 0.0, 0.0, 0.0, 0.0, 0.0, 0.0, 0.0, 0.0, 0.0, 0.0, 0.0, 0.0, 0.17919134998531308, 0.24986084165271652, 0.0, 0.0, 0.0, 0.0, 0.0737741841006672, 0.0, 0.0, 0.0, 0.0, 0.0, 0.07586936910389876, 0.0, 0.0, 0.0, 0.0, 0.0, 0.0, 0.0, 0.0, 0.0, 0.0, 0.0, 0.0, 0.0, 0.0, 0.0, 0.0, 0.0, 0.0, 0.0, 0.0, 0.0, 0.0, 0.0, 0.0, 0.0, 0.0, 0.0, 0.0, 0.0, 0.08328694721757217, 0.0, 0.05417748572213116, 0.0, 0.0, 0.0, 0.0, 0.0, 0.0, 0.0, 0.0, 0.0, 0.0, 0.0, 0.0, 0.0651404159134261, 0.0, 0.0, 0.0, 0.0, 0.0, 0.0, 0.0, 0.0, 0.0, 0.0, 0.0, 0.0, 0.0, 0.0, 0.0, 0.0, 0.0, 0.0, 0.0, 0.0, 0.0, 0.0, 0.0, 0.0, 0.0, 0.0, 0.0, 0.0, 0.0, 0.0, 0.0, 0.0, 0.0, 0.0, 0.0, 0.0, 0.0, 0.0, 0.0, 0.06666900761388321, 0.0, 0.0, 0.0, 0.0, 0.0, 0.0, 0.0, 0.0, 0.0, 0.05318538183808927, 0.0, 0.0, 0.0, 0.08818710092100017, 0.0, 0.0, 0.0, 0.0, 0.0, 0.0, 0.0, 0.0, 0.0, 0.05853564292473382, 0.0, 0.0, 0.0, 0.0, 0.047868757947046786, 0.0, 0.0, 0.0, 0.0]"
https://en.wikipedia.org/wiki/Artificial_intelligence,11634,574,27.11,ai|used|machine|learning|data,"[0.014283504622700888, 0.028567009245401776, 0.0, 0.030697707161739085, 0.008746570428189614, 0.00428306928401757, 0.015748946356319973, 0.0, 0.010031000775769697, 0.004417921395213835, 0.7508626664901104, 0.0, 0.020220816156561353, 0.04220934734739124, 0.0, 0.012132489693936812, 0.010474142100839426, 0.026507528371283007, 0.0268604937665217, 0.0034913807002798086, 0.019186066976086925, 0.06831529300310372, 0.016044074070301503, 0.0, 0.15904517022769807, 0.0, 0.0, 0.0, 0.0, 0.029237365622883888, 0.007309341405720972, 0.05439666026333176, 0.0056243274871351015, 0.014849543806775008, 0.0, 0.0, 0.0, 0.0, 0.0029699087613550014, 0.003570876155675222, 0.010474142100839426, 0.005248152132834849, 0.0, 0.044485795544434985, 0.010247293950465558, 0.0, 0.0, 0.0, 0.021928024217162913, 0.0, 0.024557339325873277, 0.0, 0.0, 0.007309341405720972, 0.0041590173670259765, 0.013099098494494274, 0.0, 0.046271443456030605, 0.005725964238245448, 0.013663058600620745, 0.04440494045201742, 0.015748946356319973, 0.0, 0.010712628467025666, 0.004417921395213835, 0.0, 0.026239711284568843, 0.013663058600620745, 0.024264979387873625, 0.0, 0.008746570428189614, 0.012582192021368926, 0.0034913807002798086, 0.0, 0.0, 0.004417921395213835, 0.0, 0.12327343774644949, 0.01071464750794968, 0.003570876155675222, 0.05118407565803992, 0.04724683906895992, 0.08137831639633383, 0.02994604837639236, 0.0, 0.020494587900931116, 0.0, 0.004417921395213835, 0.003937236589079993, 0.01247705210107793, 0.00856613856803514, 0.0, 0.006417629628120601, 0.019650914527292982, 0.032892036325744375, 0.0, 0.02340566847679596, 0.0, 0.0, 0.00748651209409809, 0.003654670702860486, 0.020062001551539393, 0.0, 0.0, 0.0, 0.0, 0.0, 0.0034913807002798086, 0.0, 0.0, 0.00748651209409809, 0.009626444442180901, 0.0, 0.00748651209409809, 0.009131270340474156, 0.044548631420325016, 0.011511640185652157, 0.012835259256241202, 0.03743115630323379, 0.0, 0.007874473178159987, 0.014283504622700888, 0.0, 0.0, 0.0, 0.0, 0.010031000775769697, 0.0707032952394416, 0.008088326462624543, 0.0, 0.010474142100839426, 0.0, 0.032137885401076996, 0.0, 0.0060525442434068025, 0.041590173670259765, 0.04988377413782601, 0.011229768141147135, 0.029113121569181836, 0.034913807002798086, 0.06066244846968406, 0.020494587900931116, 0.06352967157987474, 0.0, 0.014060818717837752, 0.0, 0.02421017697362721, 0.015748946356319973, 0.00748651209409809, 0.14197689562304328, 0.02793104560223847, 0.01181170976723998, 0.0, 0.03026272121703401, 0.030093002327309087, 0.029155234760632046, 0.006687333850513131, 0.039301829054585964, 0.0, 0.01497302418819618, 0.0, 0.036125827260645026, 0.0, 0.04728925172817756, 0.0032747746236235684, 0.0056398896401943475, 0.21197090076590816, 0.009626444442180901, 0.0, 0.005939817522710003, 0.005831046952126409, 0.015727740026711158, 0.07498839926917966, 0.06489952835294853, 0.04257207010710639, 0.04728925172817756, 0.007874473178159987, 0.0, 0.016577753551560694, 0.15362075081231158, 0.0, 0.01887328803205339, 0.019972973485743624, 0.01497302418819618, 0.00428306928401757, 0.0, 0.0, 0.0, 0.0031455480053422316, 0.010712628467025666, 0.1572167539760599, 0.04743581202864111, 0.023910352551086304, 0.030847628970687074, 0.003937236589079993, 0.0, 0.0034913807002798086, 0.003084762897068707, 0.008318034734051953, 0.0, 0.0, 0.01497302418819618, 0.006831529300310372, 0.0, 0.0, 0.03142242630251828, 0.0, 0.0033436669252565653, 0.02994604837639236, 0.09843091472699983, 0.0, 0.0, 0.0, 0.011451928476490895, 0.01497973011430772, 0.003570876155675222, 0.0031455480053422316, 0.031455480053422316, 0.08040275546293069, 0.12857577009539617, 0.03245608191433339, 0.025164384042737853, 0.003415764650155186, 0.011248654974270203, 0.0, 0.014618682811441944, 0.0, 0.02994604837639236, 0.0, 0.003654670702860486, 0.0, 0.0, 0.018262540680948312, 0.03976129255692452, 0.047183220080133474, 0.023910352551086304, 0.026507528371283007, 0.006417629628120601, 0.0, 0.0, 0.003743256047049045, 0.007874473178159987, 0.0, 0.0033436669252565653, 0.003743256047049045, 0.0, 0.014618682811441944, 0.054820060542907285, 0.0, 0.029472971612612114, 0.11024262449423981, 0.0, 0.0, 0.01964587146069862, 0.018262540680948312, 0.0, 0.011511640185652157, 0.0, 0.003937236589079993, 0.12132489693936813, 0.11134233720320132, 0.030847628970687074, 0.05743297813777986, 0.003743256047049045, 0.011662093904252819, 0.06238526050538965, 0.0, 0.011229768141147135, 0.020062001551539393, 0.010031000775769697, 0.0, 0.0, 0.010247293950465558, 0.003937236589079993, 0.015348853580869543, 0.0, 0.0041590173670259765, 0.01785438077837611, 0.04098917580186223, 0.0, 0.0, 0.00535732375397484, 0.017456903501399043, 0.0, 0.1142680369816071, 0.006549549247247137, 0.0, 0.007874473178159987, 0.021928024217162913, 0.013965522801119234, 0.0, 0.016044074070301503, 0.04346767002833535, 0.012132489693936812, 0.0, 0.018262540680948312, 0.0, 0.062368083988455024, 0.0, 0.003084762897068707, 0.008088326462624543, 0.0, 0.014618682811441944, 0.0, 0.0, 0.0, 0.014060818717837752, 0.028879333326542706, 0.010964012108581457, 0.014618682811441944, 0.01785438077837611, 0.004417921395213835, 0.007674426790434771, 0.0, 0.0, 0.012835259256241202, 0.01887328803205339, 0.032892036325744375, 0.06470661170099634, 0.012849207852052711, 0.01181170976723998, 0.044037672074791236, 0.0032088148140603004, 0.032137885401076996, 0.007141752311350444, 0.010712628467025666, 0.004728925172817756, 0.019686182945399967, 0.01497302418819618, 0.006291096010684463, 0.05775866665308541, 0.009824323870870705, 0.0, 0.0, 0.032137885401076996, 0.019686182945399967, 0.04782070510217261, 0.010712628467025666, 0.03343666925256565, 0.0038372133952173856, 0.00856613856803514, 0.0, 0.025379527109856224, 0.0038372133952173856, 0.0, 0.047183220080133474, 0.004417921395213835, 0.003415764650155186, 0.003084762897068707, 0.0033436669252565653, 0.04020137773146534, 0.006687333850513131, 0.00748651209409809, 0.015423814485343537, 0.011662093904252819, 0.026749335402052522, 0.0032088148140603004, 0.018716280235245224, 0.0, 0.06601560460998895, 0.16618483813560267, 0.011451928476490895, 0.01836853246492197, 0.016044074070301503, 0.033839767224515545, 0.013965522801119234, 0.014186775518453267, 0.0, 0.006549549247247137, 0.014283504622700888, 0.011511640185652157, 0.0, 0.0, 0.024437415096895326, 0.009626444442180901, 0.006687333850513131, 0.0030262721217034013, 0.0, 0.005118417701269541, 0.020992608531339396, 0.04751854018168002, 0.0041590173670259765, 0.020948284201678852, 0.0]"
https://simple.wikipedia.org/wiki/Artificial_intelligence,934,66,32.39,ai|machine|problems|like|one,"[0.02559604260481242, 0.02559604260481242, 0.0, 0.08251544433287888, 0.0, 0.0, 0.02822211442957804, 0.0, 0.0, 0.03166766343237209, 0.5290180934741858, 0.0, 0.0, 0.0, 0.0, 0.0, 0.0, 0.0, 0.0, 0.025026219128869102, 0.0, 0.024484203232428278, 0.0, 0.0, 0.47501495148558137, 0.0, 0.0, 0.0, 0.0, 0.0, 0.0, 0.0, 0.0, 0.02128830793171934, 0.0, 0.0, 0.0, 0.0, 0.02128830793171934, 0.02559604260481242, 0.0, 0.0, 0.0, 0.0, 0.0, 0.0, 0.0, 0.0, 0.0, 0.0, 0.0, 0.0, 0.0, 0.0, 0.0, 0.0, 0.025026219128869102, 0.0, 0.0, 0.0, 0.048968406464856555, 0.16933268657746822, 0.0, 0.02559604260481242, 0.0, 0.0, 0.0, 0.024484203232428278, 0.0, 0.0, 0.06269542251419818, 0.0, 0.0, 0.0, 0.0, 0.0, 0.0, 0.03465192477998245, 0.0, 0.0, 0.0, 0.0, 0.030701043411668565, 0.026831661778220293, 0.0, 0.0, 0.0, 0.0, 0.02822211442957804, 0.0, 0.0, 0.0, 0.0, 0.03521444202599405, 0.02619668197349963, 0.0, 0.0, 0.025026219128869102, 0.0, 0.0, 0.0, 0.0, 0.0, 0.0, 0.0, 0.0, 0.0, 0.025026219128869102, 0.0, 0.0, 0.026831661778220293, 0.0, 0.0, 0.0, 0.0, 0.04257661586343868, 0.0, 0.0, 0.0, 0.0, 0.0, 0.07678812781443727, 0.0, 0.0, 0.0, 0.0, 0.0, 0.08943551757013152, 0.0, 0.0, 0.0, 0.0, 0.0, 0.03520540484983751, 0.0, 0.0, 0.055010296221919254, 0.0, 0.0, 0.050052438257738203, 0.028988564670597218, 0.0, 0.02396740669349421, 0.027505148110959627, 0.0, 0.0, 0.0, 0.0, 0.0, 0.22004118488767702, 0.0, 0.05644422885915608, 0.02559604260481242, 0.02169232053533069, 0.0, 0.0, 0.02396740669349421, 0.017607221012997026, 0.0, 0.0, 0.0, 0.0, 0.0, 0.0, 0.023473586630611536, 0.0, 0.4191469115759941, 0.0, 0.0, 0.02128830793171934, 0.020898474171399395, 0.022547290146778573, 0.0, 0.07345260969728483, 0.0, 0.0, 0.0, 0.0, 0.039609782744163505, 0.0750786573866073, 0.0, 0.0, 0.10737471519560729, 0.0, 0.030701043411668565, 0.0, 0.0, 0.0, 0.0, 0.0, 0.21465329422576235, 0.07158314346373819, 0.0, 0.022111582451165963, 0.0, 0.0, 0.0, 0.0, 0.0, 0.0, 0.0, 0.0, 0.024484203232428278, 0.0, 0.0, 0.0, 0.0, 0.0, 0.0, 0.02822211442957804, 0.06333532686474418, 0.0, 0.0, 0.0, 0.0, 0.0, 0.0, 0.0, 0.0, 0.0, 0.017895785865934547, 0.0, 0.024484203232428278, 0.0, 0.0, 0.0, 0.0, 0.0, 0.0, 0.0, 0.0, 0.0, 0.0, 0.0, 0.06764187044033572, 0.0, 0.03166766343237209, 0.023000786672790687, 0.0, 0.0, 0.0, 0.0, 0.0, 0.0, 0.0, 0.0, 0.02619668197349963, 0.05239336394699926, 0.0, 0.0, 0.0, 0.0, 0.0, 0.0, 0.0, 0.036688821409475096, 0.0, 0.0, 0.0, 0.0, 0.1408415197836692, 0.022111582451165963, 0.03166766343237209, 0.0, 0.0, 0.029811839190043838, 0.0, 0.0, 0.0, 0.0, 0.0, 0.0, 0.0, 0.0, 0.0, 0.0, 0.0, 0.0, 0.0, 0.0, 0.0, 0.0, 0.0, 0.0, 0.07678812781443727, 0.0, 0.0, 0.0, 0.0, 0.0, 0.0, 0.0, 0.0, 0.0, 0.0, 0.032726475867746976, 0.0, 0.02128830793171934, 0.0, 0.0, 0.057977129341194436, 0.0, 0.0, 0.0, 0.0, 0.0, 0.0, 0.0, 0.0, 0.0, 0.0, 0.0, 0.0, 0.0, 0.0, 0.0, 0.0, 0.0, 0.057977129341194436, 0.030701043411668565, 0.02822211442957804, 0.045094580293557146, 0.0, 0.0, 0.0, 0.0, 0.0, 0.02822211442957804, 0.026831661778220293, 0.022547290146778573, 0.06900236001837207, 0.0, 0.0, 0.0, 0.0, 0.0, 0.0, 0.0, 0.04793481338698842, 0.11002059244383851, 0.0, 0.0, 0.01819204668191678, 0.027505148110959627, 0.045094580293557146, 0.0, 0.0, 0.0, 0.0, 0.02396740669349421, 0.0, 0.0, 0.0, 0.0, 0.020898474171399395, 0.0, 0.04600157334558137, 0.0, 0.0, 0.07886664945866828, 0.08359389668559758, 0.0, 0.0, 0.0, 0.0, 0.0, 0.0, 0.0, 0.0, 0.0, 0.027505148110959627, 0.0, 0.0, 0.03892609051065054, 0.0, 0.0, 0.0, 0.0, 0.0, 0.01880937894962881, 0.06386492379515801, 0.0, 0.0, 0.0]"
https://en.wikipedia.org/wiki/Digital_marketing,3428,163,25.29,marketing|digital|digital marketing|media|search,"[0.014165201043245378, 0.0, 0.0, 0.02283258932238595, 0.0, 0.0, 0.0, 0.08021334642506919, 0.006631945796080584, 0.14896521392501716, 0.0, 0.0, 0.0, 0.0, 0.0, 0.008021334642506919, 0.013849852916172781, 0.0, 0.0076108631074619845, 0.027699705832345562, 0.0076108631074619845, 0.0, 0.025457901629810698, 0.0, 0.0, 0.0, 0.0, 0.031237010418578258, 0.0, 0.00724880155401085, 0.09423442020214105, 0.04542831006461665, 0.0, 0.005890620795939435, 0.0, 0.2566827085602214, 0.04381329821324034, 0.021251806201175286, 0.005890620795939435, 0.014165201043245378, 0.0069249264580863905, 0.020818736586255368, 0.06246392633884789, 0.008021334642506919, 0.0, 0.02406400392752076, 0.16042669285013839, 0.0, 0.0, 0.0, 0.0, 0.040649681654985656, 0.0, 0.0, 0.008249140347900417, 0.006495302398155351, 0.03462463229043195, 0.042828985509330536, 0.05678538758077081, 0.0, 0.0, 0.0078092526046445645, 0.0, 0.0, 0.18401585249560942, 0.0, 0.06939301345262301, 0.00677494694249761, 0.02406400392752076, 0.0, 0.023131004484207667, 0.006238989808710797, 0.0, 0.026527783184322334, 0.05301558716345492, 0.0, 0.0, 0.019176850446075623, 0.0, 0.0, 0.023427757813933695, 0.0078092526046445645, 0.0, 0.0, 0.0, 0.0, 0.0, 0.0, 0.0, 0.0, 0.0, 0.01354989388499522, 0.025457901629810698, 0.019488155205294497, 0.00724880155401085, 0.4554462560358882, 0.006631945796080584, 0.0, 0.0, 0.0, 0.0, 0.0, 0.03462463229043195, 0.04381329821324034, 0.010960298521789, 0.0, 0.0, 0.0069249264580863905, 0.0, 0.029698019282199006, 0.0, 0.0063644754074526745, 0.0, 0.007424504820549752, 0.0, 0.005890620795939435, 0.0, 0.0, 0.0, 0.0, 0.0, 0.0, 0.0, 0.0, 0.0, 0.0, 0.01989583738824175, 0.008249140347900417, 0.0, 0.0, 0.013849852916172781, 0.0063644754074526745, 0.014165201043245378, 0.009741576954029468, 0.0, 0.0, 0.0076108631074619845, 0.007424504820549752, 0.0, 0.013849852916172781, 0.0, 0.0, 0.006631945796080584, 0.0, 0.005577743816577064, 0.011357077516154163, 0.0, 0.0078092526046445645, 0.014849009641099503, 0.0, 0.0, 0.0, 0.02124780156486807, 0.04201689697801078, 0.006631945796080584, 0.028913755605259585, 0.0, 0.034104271609265366, 0.018759030801156668, 0.022273514461649255, 0.0, 0.04606278936699029, 0.0, 0.0, 0.006495302398155351, 0.0, 0.0, 0.04455132785216872, 0.0, 0.005890620795939435, 0.005782751121051917, 0.006238989808710797, 0.014165201043245378, 0.0, 0.019485907194466055, 0.0, 0.0, 0.0, 0.0, 0.0, 0.0, 0.006238989808710797, 0.009903773350110412, 0.014849009641099503, 0.0, 0.0, 0.0, 0.0, 0.006238989808710797, 0.0, 0.0, 0.0, 0.0, 0.03059213250666467, 0.0, 0.0, 0.0, 0.03059213250666467, 0.049494842087402506, 0.13583460456980812, 0.6428120161527201, 0.014849009641099503, 0.16937367356244024, 0.021746404662032547, 0.007424504820549752, 0.020774779374259172, 0.0, 0.05968751216472525, 0.007424504820549752, 0.0, 0.0, 0.018759030801156668, 0.0, 0.05110684882269373, 0.004951886675055206, 0.04249560312973614, 0.024955959234843186, 0.0, 0.0144976031080217, 0.0, 0.014855660025165621, 0.01871696942613239, 0.0, 0.10039938869838716, 0.00849518925402016, 0.021746404662032547, 0.0, 0.014849009641099503, 0.0, 0.0, 0.03712252410274876, 0.015221726214923969, 0.009055640304653875, 0.0, 0.06238989808710797, 0.00677494694249761, 0.008762659642648067, 0.0063644754074526745, 0.0, 0.006631945796080584, 0.0, 0.0078092526046445645, 0.05197153374384826, 0.06631945796080584, 0.0, 0.008021334642506919, 0.0, 0.00724880155401085, 0.0, 0.006495302398155351, 0.015618505209289129, 0.011872290800596954, 0.020774779374259172, 0.0, 0.009055640304653875, 0.0, 0.0, 0.0, 0.0, 0.016042669285013838, 0.012990604796310702, 0.024473706005331733, 0.0, 0.04454702892329851, 0.046262008968415334, 0.0, 0.0, 0.014849009641099503, 0.01989583738824175, 0.0, 0.0, 0.03299656139160167, 0.0, 0.0, 0.0076108631074619845, 0.0, 0.008249140347900417, 0.0708260052162269, 0.01354989388499522, 0.0, 0.0, 0.0, 0.013849852916172781, 0.0, 0.014165201043245378, 0.0, 0.00849518925402016, 0.0078092526046445645, 0.00724880155401085, 0.013849852916172781, 0.0, 0.0063644754074526745, 0.006631945796080584, 0.008021334642506919, 0.023427757813933695, 0.0, 0.0, 0.135484278306607, 0.0, 0.0, 0.032085338570027676, 0.006631945796080584, 0.0, 0.016498280695800834, 0.0, 0.016733231449731194, 0.027888719082885323, 0.03182237703726337, 0.0, 0.0144976031080217, 0.007082600521622689, 0.0, 0.0076108631074619845, 0.007082600521622689, 0.014849009641099503, 0.09546713111179012, 0.006238989808710797, 0.0, 0.0, 0.0, 0.0, 0.031194949043553986, 0.0, 0.03541300260811345, 0.05666080417298151, 0.0637434046946042, 0.0, 0.0, 0.007424504820549752, 0.006238989808710797, 0.03182237703726337, 0.04546711678708746, 0.0, 0.007424504820549752, 0.03541300260811345, 0.0, 0.03387473471248805, 0.0, 0.0, 0.0076108631074619845, 0.00849518925402016, 0.0, 0.040270912596309875, 0.0, 0.006238989808710797, 0.024955959234843186, 0.008762659642648067, 0.00677494694249761, 0.0550658385119964, 0.026527783184322334, 0.0, 0.0, 0.007424504820549752, 0.012236853002665866, 0.0, 0.01989583738824175, 0.01909342622235802, 0.029698019282199006, 0.0, 0.026187531309527196, 0.06939301345262301, 0.028392693790385407, 0.015614052439691524, 0.025457901629810698, 0.014382637834556719, 0.020774779374259172, 0.0, 0.0, 0.0, 0.007082600521622689, 0.0, 0.0, 0.0, 0.04308446476857019, 0.012728950814905349, 0.026527783184322334, 0.0060024138540015395, 0.014849009641099503, 0.0, 0.0, 0.005890620795939435, 0.008249140347900417, 0.0069249264580863905, 0.0]"
https://simple.wikipedia.org/wiki/Digital_marketing,87,6,22.92,marketing|digital|digital marketing|online|media,"[0.0, 0.0, 0.0, 0.0, 0.0, 0.0, 0.0, 0.11107981287840002, 0.0, 0.0, 0.0, 0.0, 0.0, 0.0, 0.0, 0.0, 0.0, 0.0, 0.0, 0.0, 0.0, 0.0, 0.0, 0.0, 0.0, 0.0, 0.0, 0.0, 0.0, 0.0, 0.0, 0.0, 0.0, 0.0, 0.11107981287840002, 0.0, 0.0, 0.0, 0.0, 0.0, 0.0, 0.1441494132479682, 0.0, 0.0, 0.0, 0.0, 0.33323943863520006, 0.0, 0.0, 0.0, 0.0, 0.0, 0.0, 0.0, 0.0, 0.0, 0.0, 0.0, 0.0, 0.0, 0.0, 0.0, 0.08813554961074072, 0.0, 0.0, 0.0, 0.0, 0.0, 0.0, 0.0, 0.0, 0.0, 0.0, 0.0, 0.08157358904877529, 0.0, 0.0, 0.0, 0.0, 0.0, 0.0, 0.0, 0.0, 0.0, 0.0, 0.0, 0.0, 0.0, 0.0, 0.0, 0.0, 0.0, 0.0, 0.0674682185081104, 0.0, 0.43198909619686915, 0.0, 0.0, 0.0, 0.0, 0.0, 0.0, 0.0, 0.0, 0.07588936025933145, 0.0, 0.0, 0.0, 0.0, 0.0, 0.10281488591824872, 0.0, 0.0, 0.0, 0.0, 0.08157358904877529, 0.0, 0.0, 0.0, 0.0, 0.0, 0.0, 0.0, 0.0, 0.0, 0.0, 0.0, 0.0, 0.0, 0.0, 0.0, 0.0, 0.0, 0.0, 0.0, 0.0, 0.0, 0.0, 0.0, 0.0, 0.0, 0.0, 0.0, 0.0, 0.0, 0.0, 0.0, 0.0, 0.0, 0.0, 0.0, 0.0, 0.0, 0.0, 0.0, 0.0, 0.0, 0.0, 0.0, 0.0, 0.0, 0.0, 0.0, 0.0, 0.0, 0.0, 0.0, 0.0, 0.0, 0.0, 0.0, 0.0, 0.0, 0.0, 0.0, 0.0, 0.0, 0.0, 0.0, 0.0, 0.0, 0.0, 0.0, 0.0, 0.0, 0.0, 0.0, 0.0, 0.0, 0.0, 0.0, 0.0, 0.0, 0.0, 0.0, 0.0, 0.0, 0.0, 0.0, 0.0, 0.6169488472751851, 0.0, 0.18763955680036912, 0.0, 0.0, 0.0, 0.0, 0.0, 0.0, 0.0, 0.0, 0.0, 0.0, 0.0, 0.0, 0.0, 0.0, 0.0, 0.0, 0.0, 0.0, 0.0, 0.0, 0.2317225625318369, 0.0, 0.0, 0.0, 0.0, 0.0, 0.0, 0.0, 0.0, 0.0, 0.0, 0.0, 0.0, 0.0, 0.0, 0.0, 0.0, 0.0, 0.0, 0.0, 0.0, 0.0, 0.0, 0.0, 0.0, 0.10814289101557428, 0.08994724782486183, 0.0, 0.0, 0.0, 0.0, 0.0, 0.0, 0.0, 0.0, 0.0, 0.0, 0.0, 0.0, 0.0, 0.0, 0.0, 0.0, 0.0, 0.0, 0.0, 0.0, 0.0, 0.0, 0.0, 0.0, 0.0, 0.0, 0.0, 0.0, 0.0, 0.0, 0.0, 0.0, 0.0, 0.0, 0.0, 0.0, 0.0, 0.0, 0.0, 0.0, 0.0, 0.0, 0.0, 0.0, 0.0, 0.0, 0.0, 0.0, 0.0, 0.0, 0.0, 0.0, 0.0, 0.0, 0.0, 0.0, 0.0, 0.0, 0.0, 0.0, 0.0, 0.0, 0.0, 0.0, 0.0, 0.08813554961074072, 0.0, 0.0, 0.0, 0.0, 0.0, 0.0, 0.0, 0.0, 0.0, 0.0, 0.0, 0.0, 0.0, 0.0, 0.0, 0.0, 0.0, 0.0, 0.0, 0.0, 0.0, 0.0, 0.0, 0.0, 0.0, 0.0, 0.0, 0.0, 0.0, 0.0, 0.0, 0.0, 0.2541847589589776, 0.0, 0.0, 0.0, 0.0, 0.08472825298632586, 0.0, 0.0, 0.0, 0.0, 0.0, 0.0, 0.0, 0.0, 0.0, 0.17627109922148143, 0.06639047783454026, 0.0, 0.0, 0.0, 0.0, 0.0, 0.0, 0.0, 0.0, 0.0, 0.0, 0.0, 0.0, 0.10281488591824872, 0.0, 0.0, 0.0, 0.0, 0.0, 0.0]"
https://apnews.com/hub/artificial-intelligence,25,2,67.25,company|new,"[0.0, 0.0, 0.0, 0.0, 0.0, 0.0, 0.0, 0.0, 0.0, 0.0, 0.0, 0.0, 0.0, 0.0, 0.0, 0.0, 0.0, 0.0, 0.0, 0.0, 0.0, 0.0, 0.5389319285427755, 0.0, 0.0, 0.0, 0.0, 0.0, 0.0, 0.0, 0.0, 0.0, 0.0, 0.0, 0.0, 0.0, 0.0, 0.0, 0.0, 0.0, 0.0, 0.0, 0.0, 0.0, 0.0, 0.0, 0.0, 0.0, 0.0, 0.0, 0.0, 0.0, 0.0, 0.0, 0.0, 0.0, 0.0, 0.0, 0.4808480901052386, 0.0, 0.0, 0.0, 0.0, 0.0, 0.0, 0.0, 0.0, 0.0, 0.0, 0.0, 0.0, 0.0, 0.0, 0.0, 0.0, 0.0, 0.0, 0.0, 0.0, 0.0, 0.0, 0.0, 0.0, 0.0, 0.0, 0.0, 0.0, 0.0, 0.0, 0.0, 0.0, 0.0, 0.0, 0.0, 0.0, 0.0, 0.0, 0.0, 0.0, 0.0, 0.0, 0.0, 0.0, 0.0, 0.0, 0.0, 0.0, 0.0, 0.0, 0.0, 0.0, 0.0, 0.0, 0.0, 0.0, 0.0, 0.0, 0.0, 0.0, 0.0, 0.0, 0.0, 0.0, 0.0, 0.0, 0.0, 0.0, 0.0, 0.0, 0.0, 0.0, 0.0, 0.0, 0.0, 0.0, 0.0, 0.0, 0.0, 0.0, 0.0, 0.0, 0.0, 0.0, 0.0, 0.0, 0.0, 0.0, 0.0, 0.0, 0.0, 0.0, 0.0, 0.0, 0.0, 0.0, 0.0, 0.0, 0.0, 0.0, 0.0, 0.0, 0.0, 0.0, 0.0, 0.0, 0.0, 0.0, 0.0, 0.0, 0.0, 0.0, 0.0, 0.0, 0.0, 0.0, 0.0, 0.0, 0.0, 0.0, 0.0, 0.0, 0.0, 0.0, 0.0, 0.0, 0.0, 0.0, 0.0, 0.0, 0.0, 0.0, 0.0, 0.0, 0.0, 0.0, 0.0, 0.0, 0.0, 0.0, 0.0, 0.0, 0.0, 0.0, 0.0, 0.0, 0.0, 0.0, 0.0, 0.0, 0.0, 0.0, 0.0, 0.0, 0.0, 0.0, 0.0, 0.0, 0.0, 0.0, 0.0, 0.4193165445478421, 0.0, 0.0, 0.0, 0.0, 0.0, 0.0, 0.0, 0.0, 0.0, 0.0, 0.0, 0.0, 0.0, 0.0, 0.0, 0.0, 0.0, 0.0, 0.0, 0.0, 0.0, 0.0, 0.0, 0.0, 0.0, 0.0, 0.0, 0.0, 0.0, 0.0, 0.0, 0.0, 0.0, 0.0, 0.0, 0.0, 0.0, 0.0, 0.0, 0.0, 0.0, 0.0, 0.0, 0.0, 0.0, 0.0, 0.0, 0.0, 0.0, 0.0, 0.0, 0.0, 0.0, 0.0, 0.0, 0.0, 0.0, 0.0, 0.0, 0.0, 0.0, 0.0, 0.0, 0.0, 0.0, 0.0, 0.0, 0.0, 0.0, 0.0, 0.0, 0.0, 0.0, 0.0, 0.0, 0.0, 0.0, 0.0, 0.0, 0.0, 0.0, 0.0, 0.0, 0.0, 0.0, 0.0, 0.0, 0.0, 0.0, 0.0, 0.0, 0.0, 0.0, 0.0, 0.0, 0.0, 0.0, 0.0, 0.0, 0.0, 0.0, 0.0, 0.0, 0.0, 0.0, 0.0, 0.0, 0.0, 0.0, 0.0, 0.0, 0.0, 0.0, 0.0, 0.0, 0.0, 0.0, 0.0, 0.0, 0.0, 0.0, 0.0, 0.0, 0.0, 0.0, 0.0, 0.0, 0.0, 0.0, 0.0, 0.0, 0.0, 0.0, 0.0, 0.0, 0.0, 0.0, 0.0, 0.0, 0.0, 0.0, 0.0, 0.0, 0.0, 0.0, 0.0, 0.0, 0.5500101145504204, 0.0, 0.0, 0.0, 0.0, 0.0, 0.0, 0.0, 0.0, 0.0, 0.0, 0.0, 0.0, 0.0, 0.0, 0.0]"
